Manufacturer,Category,Segment,ProductName,ProductID
Contoso,Urban,Convenience,Maximus UC-01,536
Contoso,Urban,Convenience,Maximus UC-02,537
Contoso,Urban,Convenience,Maximus UC-03,538
Contoso,Urban,Convenience,Maximus UC-04,539
Contoso,Urban,Convenience,Maximus UC-05,540
Contoso,Urban,Convenience,Maximus UC-06,541
Contoso,Urban,Convenience,Maximus UC-07,542
Contoso,Urban,Convenience,Maximus UC-08,543
Contoso,Urban,Convenience,Maximus UC-09,544
Contoso,Urban,Convenience,Maximus UC-10,545
Contoso,Urban,Convenience,Maximus UC-11,546
Contoso,Urban,Convenience,Maximus UC-12,547
Contoso,Urban,Convenience,Maximus UC-13,548
Contoso,Urban,Convenience,Maximus UC-14,549
Contoso,Urban,Convenience,Maximus UC-15,550
Contoso,Urban,Convenience,Maximus UC-16,551
Contoso,Urban,Convenience,Maximus UC-17,552
Contoso,Urban,Convenience,Maximus UC-18,553
Contoso,Urban,Convenience,Maximus UC-19,554
Contoso,Urban,Convenience,Maximus UC-20,555
Contoso,Urban,Convenience,Maximus UC-21,556
Contoso,Urban,Convenience,Maximus UC-22,557
Contoso,Urban,Convenience,Maximus UC-23,558
Contoso,Urban,Convenience,Maximus UC-24,559
Contoso,Urban,Convenience,Maximus UC-25,560
Contoso,Urban,Convenience,Maximus UC-26,561
Contoso,Urban,Convenience,Maximus UC-27,562
Contoso,Urban,Convenience,Maximus UC-28,563
Contoso,Urban,Convenience,Maximus UC-29,564
Contoso,Urban,Convenience,Maximus UC-30,565
Contoso,Urban,Convenience,Maximus UC-31,566
Contoso,Urban,Convenience,Maximus UC-32,567
Contoso,Urban,Convenience,Maximus UC-33,568
Contoso,Urban,Convenience,Maximus UC-34,569
Contoso,Urban,Convenience,Maximus UC-35,570
Contoso,Urban,Convenience,Maximus UC-36,571
Contoso,Urban,Convenience,Maximus UC-37,572
Contoso,Urban,Convenience,Maximus UC-38,573
Contoso,Urban,Convenience,Maximus UC-39,574
Contoso,Urban,Convenience,Maximus UC-40,575
Contoso,Urban,Convenience,Maximus UC-41,576
Contoso,Urban,Convenience,Maximus UC-42,577
Contoso,Urban,Convenience,Maximus UC-43,578
Contoso,Urban,Convenience,Maximus UC-44,579
Contoso,Urban,Convenience,Maximus UC-45,580
Contoso,Urban,Convenience,Maximus UC-46,581
Contoso,Urban,Convenience,Maximus UC-47,582
Contoso,Urban,Convenience,Maximus UC-48,583
Contoso,Urban,Convenience,Maximus UC-49,584
Contoso,Urban,Convenience,Maximus UC-50,585
Contoso,Urban,Convenience,Maximus UC-51,586
Contoso,Urban,Convenience,Maximus UC-52,587
Contoso,Urban,Convenience,Maximus UC-53,588
Contoso,Urban,Convenience,Maximus UC-54,589
Contoso,Urban,Convenience,Maximus UC-55,590
Contoso,Urban,Convenience,Maximus UC-56,591
Contoso,Urban,Convenience,Maximus UC-57,592
Contoso,Urban,Convenience,Maximus UC-58,593
Contoso,Urban,Convenience,Maximus UC-59,594
Contoso,Urban,Convenience,Maximus UC-60,595
Contoso,Urban,Convenience,Maximus UC-61,596
Contoso,Urban,Convenience,Maximus UC-62,597
Contoso,Urban,Convenience,Maximus UC-63,598
Contoso,Urban,Convenience,Maximus UC-64,599
Contoso,Urban,Convenience,Maximus UC-65,600
Contoso,Urban,Convenience,Maximus UC-66,601
Contoso,Urban,Convenience,Maximus UC-67,602
Contoso,Urban,Convenience,Maximus UC-68,603
Contoso,Urban,Convenience,Maximus UC-69,604
Contoso,Urban,Convenience,Maximus UC-70,605
Contoso,Urban,Convenience,Maximus UC-71,606
Contoso,Urban,Convenience,Maximus UC-72,607
Contoso,Urban,Convenience,Maximus UC-73,608
Contoso,Urban,Convenience,Maximus UC-74,609
Contoso,Urban,Convenience,Maximus UC-75,610
Contoso,Urban,Convenience,Maximus UC-76,611
Contoso,Urban,Convenience,Maximus UC-77,612
Contoso,Urban,Convenience,Maximus UC-78,613
Contoso,Urban,Convenience,Maximus UC-79,614
Contoso,Urban,Convenience,Maximus UC-80,615
Contoso,Urban,Convenience,Maximus UC-81,616
Contoso,Urban,Convenience,Maximus UC-82,617
Contoso,Urban,Convenience,Maximus UC-83,618
Contoso,Urban,Convenience,Maximus UC-84,619
Contoso,Urban,Convenience,Maximus UC-85,620
Contoso,Urban,Convenience,Maximus UC-86,621
Contoso,Urban,Convenience,Maximus UC-87,622
Contoso,Urban,Convenience,Maximus UC-88,623
Contoso,Urban,Convenience,Maximus UC-89,624
Contoso,Urban,Convenience,Maximus UC-90,625
Contoso,Urban,Convenience,Maximus UC-91,626
Contoso,Urban,Convenience,Maximus UC-92,627
Contoso,Urban,Convenience,Maximus UC-93,628
Contoso,Urban,Convenience,Maximus UC-94,629
Contoso,Urban,Convenience,Maximus UC-95,630
Contoso,Urban,Convenience,Maximus UC-96,631
Contoso,Urban,Convenience,Maximus UC-97,632
Contoso,Urban,Convenience,Maximus UC-98,633
Contoso,Urban,Convenience,Maximus UC-99,634
Contoso,Urban,Convenience,Maximus UC-00,635
Contoso,Urban,Convenience,Maximus UC-01,636
Contoso,Urban,Convenience,Maximus UC-02,637
Contoso,Urban,Convenience,Maximus UC-03,638
Contoso,Urban,Convenience,Maximus UC-04,639
Contoso,Urban,Convenience,Maximus UC-05,640
Contoso,Urban,Convenience,Maximus UC-06,641
Contoso,Urban,Convenience,Maximus UC-07,642
Contoso,Urban,Convenience,Maximus UC-08,643
Contoso,Urban,Convenience,Maximus UC-09,644
Contoso,Urban,Convenience,Maximus UC-10,645
Contoso,Urban,Convenience,Maximus UC-11,646
Contoso,Urban,Convenience,Maximus UC-12,647
Contoso,Urban,Convenience,Maximus UC-13,648
Contoso,Urban,Convenience,Maximus UC-14,649
Contoso,Urban,Convenience,Maximus UC-15,650
Contoso,Urban,Convenience,Maximus UC-16,651
Contoso,Urban,Convenience,Maximus UC-17,652
Contoso,Urban,Convenience,Maximus UC-18,653
Contoso,Urban,Convenience,Maximus UC-19,654
Contoso,Urban,Convenience,Maximus UC-20,655
Contoso,Urban,Convenience,Maximus UC-21,656
Contoso,Urban,Convenience,Maximus UC-22,657
Contoso,Urban,Convenience,Maximus UC-23,658
Contoso,Urban,Convenience,Maximus UC-24,659
Contoso,Urban,Convenience,Maximus UC-25,660
Contoso,Urban,Convenience,Maximus UC-26,661
Contoso,Urban,Convenience,Maximus UC-27,662
Contoso,Urban,Convenience,Maximus UC-28,663
Contoso,Urban,Convenience,Maximus UC-29,664
Contoso,Urban,Convenience,Maximus UC-30,665
Contoso,Urban,Convenience,Maximus UC-31,666
Contoso,Urban,Convenience,Maximus UC-32,667
Contoso,Urban,Convenience,Maximus UC-33,668
Contoso,Urban,Convenience,Maximus UC-34,669
Contoso,Urban,Convenience,Maximus UC-35,670
Contoso,Urban,Convenience,Maximus UC-36,671
Contoso,Urban,Convenience,Maximus UC-37,672
Contoso,Urban,Convenience,Maximus UC-38,673
Contoso,Urban,Convenience,Maximus UC-39,674
Contoso,Urban,Convenience,Maximus UC-40,675
Contoso,Urban,Convenience,Maximus UC-41,676
Contoso,Urban,Convenience,Maximus UC-42,677
Contoso,Urban,Convenience,Maximus UC-43,678
Contoso,Urban,Convenience,Maximus UC-44,679
Contoso,Urban,Convenience,Maximus UC-45,680
Contoso,Urban,Convenience,Maximus UC-46,681
Contoso,Urban,Convenience,Maximus UC-47,682
Contoso,Urban,Convenience,Maximus UC-48,683
Contoso,Urban,Convenience,Maximus UC-49,684
Contoso,Urban,Convenience,Maximus UC-50,685
Contoso,Urban,Convenience,Maximus UC-51,686
Contoso,Urban,Convenience,Maximus UC-52,687
Contoso,Urban,Convenience,Maximus UC-53,688
Contoso,Urban,Convenience,Maximus UC-54,689
Contoso,Urban,Convenience,Maximus UC-55,690
Contoso,Urban,Convenience,Maximus UC-56,691
Contoso,Urban,Convenience,Maximus UC-57,692
Contoso,Urban,Convenience,Maximus UC-58,693
Abbas,Urban,Convenience,Abbas UC-01,189
Abbas,Urban,Convenience,Abbas UC-02,190
Abbas,Urban,Convenience,Abbas UC-03,191
Abbas,Urban,Convenience,Abbas UC-04,192
Abbas,Urban,Convenience,Abbas UC-05,193
Abbas,Urban,Convenience,Abbas UC-06,194
Abbas,Urban,Convenience,Abbas UC-07,195
Abbas,Urban,Convenience,Abbas UC-08,196
Fama,Urban,Convenience,Fama UC-01,387
Fama,Urban,Convenience,Fama UC-02,388
Fama,Urban,Convenience,Fama UC-03,389
Fama,Urban,Convenience,Fama UC-04,390
Fama,Urban,Convenience,Fama UC-05,391
Natura,Urban,Convenience,Natura UC-01,938
Natura,Urban,Convenience,Natura UC-02,939
Natura,Urban,Convenience,Natura UC-03,940
Natura,Urban,Convenience,Natura UC-04,941
Natura,Urban,Convenience,Natura UC-05,942
Natura,Urban,Convenience,Natura UC-06,943
Natura,Urban,Convenience,Natura UC-07,944
Natura,Urban,Convenience,Natura UC-08,945
Natura,Urban,Convenience,Natura UC-09,946
Natura,Urban,Convenience,Natura UC-10,947
Natura,Urban,Convenience,Natura UC-11,948
Natura,Urban,Convenience,Natura UC-12,949
Natura,Urban,Convenience,Natura UC-13,950
Natura,Urban,Convenience,Natura UC-14,951
Natura,Urban,Convenience,Natura UC-15,952
Natura,Urban,Convenience,Natura UC-16,953
Natura,Urban,Convenience,Natura UC-17,954
Natura,Urban,Convenience,Natura UC-18,955
Natura,Urban,Convenience,Natura UC-19,956
Natura,Urban,Convenience,Natura UC-20,957
Natura,Urban,Convenience,Natura UC-21,958
Natura,Urban,Convenience,Natura UC-22,959
Natura,Urban,Convenience,Natura UC-23,960
Natura,Urban,Convenience,Natura UC-24,961
Natura,Urban,Convenience,Natura UC-25,962
Natura,Urban,Convenience,Natura UC-26,963
Natura,Urban,Convenience,Natura UC-27,964
Natura,Urban,Convenience,Natura UC-28,965
Natura,Urban,Convenience,Natura UC-29,966
Natura,Urban,Convenience,Natura UC-30,967
Natura,Urban,Convenience,Natura UC-31,968
Natura,Urban,Convenience,Natura UC-32,969
Natura,Urban,Convenience,Natura UC-33,970
Natura,Urban,Convenience,Natura UC-34,971
Natura,Urban,Convenience,Natura UC-35,972
Natura,Urban,Convenience,Natura UC-36,973
Natura,Urban,Convenience,Natura UC-37,974
Natura,Urban,Convenience,Natura UC-38,975
Natura,Urban,Convenience,Natura UC-39,976
Natura,Urban,Convenience,Natura UC-40,977
Natura,Urban,Convenience,Natura UC-41,978
Natura,Urban,Convenience,Natura UC-42,979
Natura,Urban,Convenience,Natura UC-43,980
Natura,Urban,Convenience,Natura UC-44,981
Natura,Urban,Convenience,Natura UC-45,982
Natura,Urban,Convenience,Natura UC-46,983
Natura,Urban,Convenience,Natura UC-47,984
Natura,Urban,Convenience,Natura UC-48,985
Natura,Urban,Convenience,Natura UC-49,986
Natura,Urban,Convenience,Natura UC-50,987
Natura,Urban,Convenience,Natura UC-51,988
Natura,Urban,Convenience,Natura UC-52,989
Natura,Urban,Convenience,Natura UC-53,990
Natura,Urban,Convenience,Natura UC-54,991
Natura,Urban,Convenience,Natura UC-55,992
Natura,Urban,Convenience,Natura UC-56,993
Natura,Urban,Convenience,Natura UC-57,994
Natura,Urban,Convenience,Natura UC-58,995
Natura,Urban,Convenience,Natura UC-59,996
Natura,Urban,Convenience,Natura UC-60,997
Natura,Urban,Convenience,Natura UC-61,998
Natura,Urban,Convenience,Natura UC-62,999
Palma,Urban,Convenience,Palma UC-01,1029
Palma,Urban,Convenience,Palma UC-02,1030
Palma,Urban,Convenience,Palma UC-03,1031
Palma,Urban,Convenience,Palma UC-04,1032
Palma,Urban,Convenience,Palma UC-05,1033
Palma,Urban,Convenience,Palma UC-06,1034
Palma,Urban,Convenience,Palma UC-07,1035
Palma,Urban,Convenience,Palma UC-08,1036
Palma,Urban,Convenience,Palma UC-09,1037
Palma,Urban,Convenience,Palma UC-10,1038
Palma,Urban,Convenience,Palma UC-11,1039
Palma,Urban,Convenience,Palma UC-12,1040
Palma,Urban,Convenience,Palma UC-13,1041
Palma,Urban,Convenience,Palma UC-14,1042
Pirum,Urban,Convenience,Pirum UC-01,1199
Pirum,Urban,Convenience,Pirum UC-02,1200
Pirum,Urban,Convenience,Pirum UC-03,1201
Pirum,Urban,Convenience,Pirum UC-04,1202
Pirum,Urban,Convenience,Pirum UC-05,1203
Pirum,Urban,Convenience,Pirum UC-06,1204
Pirum,Urban,Convenience,Pirum UC-07,1205
Pirum,Urban,Convenience,Pirum UC-08,1206
Pirum,Urban,Convenience,Pirum UC-09,1207
Pirum,Urban,Convenience,Pirum UC-10,1208
Pirum,Urban,Convenience,Pirum UC-11,1209
Pirum,Urban,Convenience,Pirum UC-12,1210
Pirum,Urban,Convenience,Pirum UC-13,1211
Pirum,Urban,Convenience,Pirum UC-14,1212
Pirum,Urban,Convenience,Pirum UC-15,1213
Pirum,Urban,Convenience,Pirum UC-16,1214
Pirum,Urban,Convenience,Pirum UC-17,1215
Pirum,Urban,Convenience,Pirum UC-18,1216
Pirum,Urban,Convenience,Pirum UC-19,1217
Pirum,Urban,Convenience,Pirum UC-20,1218
Pirum,Urban,Convenience,Pirum UC-21,1219
Pirum,Urban,Convenience,Pirum UC-22,1220
Pirum,Urban,Convenience,Pirum UC-23,1221
Pirum,Urban,Convenience,Pirum UC-24,1222
Pirum,Urban,Convenience,Pirum UC-25,1223
Pirum,Urban,Convenience,Pirum UC-26,1224
Pirum,Urban,Convenience,Pirum UC-27,1225
Pirum,Urban,Convenience,Pirum UC-28,1226
Pirum,Urban,Convenience,Pirum UC-29,1227
Pirum,Urban,Convenience,Pirum UC-30,1228
Pirum,Urban,Convenience,Pirum UC-31,1229
Pirum,Urban,Convenience,Pirum UC-32,1230
Pirum,Urban,Convenience,Pirum UC-33,1231
Pirum,Urban,Convenience,Pirum UC-34,1232
Salvus,Urban,Convenience,Salvus UC-01,1689
Pomum,Urban,Convenience,Pomum UC-01,1795
Pomum,Urban,Convenience,Pomum UC-02,1796
Pomum,Urban,Convenience,Pomum UC-03,1797
Pomum,Urban,Convenience,Pomum UC-04,1798
Pomum,Urban,Convenience,Pomum UC-05,1799
Pomum,Urban,Convenience,Pomum UC-06,1800
Pomum,Urban,Convenience,Pomum UC-07,1801
Pomum,Urban,Convenience,Pomum UC-08,1802
Pomum,Urban,Convenience,Pomum UC-09,1803
Pomum,Urban,Convenience,Pomum UC-10,1804
Pomum,Urban,Convenience,Pomum UC-11,1805
Leo,Urban,Convenience,Leo UC-01,1882
Leo,Urban,Convenience,Leo UC-02,1883
Leo,Urban,Convenience,Leo UC-03,1884
Leo,Urban,Convenience,Leo UC-04,1885
Leo,Urban,Convenience,Leo UC-05,1886
Leo,Urban,Convenience,Leo UC-06,1887
Leo,Urban,Convenience,Leo UC-07,1888
Leo,Urban,Convenience,Leo UC-08,1889
Leo,Urban,Convenience,Leo UC-09,1890
Leo,Urban,Convenience,Leo UC-10,1891
Leo,Urban,Convenience,Leo UC-11,1892
Leo,Urban,Convenience,Leo UC-12,1893
Leo,Urban,Convenience,Leo UC-13,1894
Leo,Urban,Convenience,Leo UC-14,1895
Leo,Urban,Convenience,Leo UC-15,1896
Leo,Urban,Convenience,Leo UC-16,1897
Leo,Urban,Convenience,Leo UC-17,1898
Leo,Urban,Convenience,Leo UC-18,1899
Leo,Urban,Convenience,Leo UC-19,1900
Leo,Urban,Convenience,Leo UC-20,1901
Leo,Urban,Convenience,Leo UC-21,1902
Leo,Urban,Convenience,Leo UC-22,1903
Leo,Urban,Convenience,Leo UC-23,1904
Leo,Urban,Convenience,Leo UC-24,1905
Leo,Urban,Convenience,Leo UC-25,1906
Leo,Urban,Convenience,Leo UC-26,1907
Currus,Urban,Convenience,Currus UC-01,2066
Currus,Urban,Convenience,Currus UC-02,2067
Currus,Urban,Convenience,Currus UC-03,2068
Currus,Urban,Convenience,Currus UC-04,2069
Currus,Urban,Convenience,Currus UC-05,2070
Currus,Urban,Convenience,Currus UC-06,2071
Currus,Urban,Convenience,Currus UC-07,2072
Currus,Urban,Convenience,Currus UC-08,2073
Currus,Urban,Convenience,Currus UC-09,2074
Currus,Urban,Convenience,Currus UC-10,2075
Currus,Urban,Convenience,Currus UC-11,2076
Currus,Urban,Convenience,Currus UC-12,2077
Currus,Urban,Convenience,Currus UC-13,2078
Currus,Urban,Convenience,Currus UC-14,2079
Currus,Urban,Convenience,Currus UC-15,2080
Currus,Urban,Convenience,Currus UC-16,2081
Currus,Urban,Convenience,Currus UC-17,2082
Currus,Urban,Convenience,Currus UC-18,2083
Currus,Urban,Convenience,Currus UC-19,2084
Currus,Urban,Convenience,Currus UC-20,2085
Currus,Urban,Convenience,Currus UC-21,2086
Currus,Urban,Convenience,Currus UC-22,2087
Currus,Urban,Convenience,Currus UC-23,2088
Currus,Urban,Convenience,Currus UC-24,2089
Currus,Urban,Convenience,Currus UC-25,2090
Currus,Urban,Convenience,Currus UC-26,2091
Currus,Urban,Convenience,Currus UC-27,2092
Currus,Urban,Convenience,Currus UC-28,2093
Currus,Urban,Convenience,Currus UC-29,2094
Currus,Urban,Convenience,Currus UC-30,2095
Currus,Urban,Convenience,Currus UC-31,2096
Victoria,Urban,Convenience,Victoria UC-01,2171
Victoria,Urban,Convenience,Victoria UC-02,2172
Victoria,Urban,Convenience,Victoria UC-03,2173
Victoria,Urban,Convenience,Victoria UC-04,2174
Victoria,Urban,Convenience,Victoria UC-05,2175
Victoria,Urban,Convenience,Victoria UC-06,2176
Victoria,Urban,Convenience,Victoria UC-07,2177
Victoria,Urban,Convenience,Victoria UC-08,2178
Victoria,Urban,Convenience,Victoria UC-09,2179
Victoria,Urban,Convenience,Victoria UC-10,2180
Victoria,Urban,Convenience,Victoria UC-11,2181
Victoria,Urban,Convenience,Victoria UC-12,2182
Victoria,Urban,Convenience,Victoria UC-13,2183
Victoria,Urban,Convenience,Victoria UC-14,2184
Victoria,Urban,Convenience,Victoria UC-15,2185
Victoria,Urban,Convenience,Victoria UC-16,2186
Aliqui,Urban,Convenience,Aliqui UC-01,2353
Aliqui,Urban,Convenience,Aliqui UC-02,2354
Aliqui,Urban,Convenience,Aliqui UC-03,2355
Aliqui,Urban,Convenience,Aliqui UC-04,2356
Aliqui,Urban,Convenience,Aliqui UC-05,2357
Aliqui,Urban,Convenience,Aliqui UC-06,2358
Aliqui,Urban,Convenience,Aliqui UC-07,2359
Aliqui,Urban,Convenience,Aliqui UC-08,2360
Aliqui,Urban,Convenience,Aliqui UC-09,2361
Aliqui,Urban,Convenience,Aliqui UC-10,2362
Aliqui,Urban,Convenience,Aliqui UC-11,2363
Aliqui,Urban,Convenience,Aliqui UC-12,2364
Aliqui,Urban,Convenience,Aliqui UC-13,2365
Aliqui,Urban,Convenience,Aliqui UC-14,2366
Aliqui,Urban,Convenience,Aliqui UC-15,2367
Aliqui,Urban,Convenience,Aliqui UC-16,2368
Aliqui,Urban,Convenience,Aliqui UC-17,2369
Aliqui,Urban,Convenience,Aliqui UC-18,2370
Aliqui,Urban,Convenience,Aliqui UC-19,2371
Aliqui,Urban,Convenience,Aliqui UC-20,2372
Aliqui,Urban,Convenience,Aliqui UC-21,2373
Aliqui,Urban,Convenience,Aliqui UC-22,2374
Aliqui,Urban,Convenience,Aliqui UC-23,2375
Aliqui,Urban,Convenience,Aliqui UC-24,2376
Aliqui,Urban,Convenience,Aliqui UC-25,2377
Aliqui,Urban,Convenience,Aliqui UC-26,2378
Aliqui,Urban,Convenience,Aliqui UC-27,2379
Aliqui,Urban,Convenience,Aliqui UC-28,2380
Aliqui,Urban,Convenience,Aliqui UC-29,2381
Aliqui,Urban,Convenience,Aliqui UC-30,2382
Aliqui,Urban,Convenience,Aliqui UC-31,2383
Aliqui,Urban,Convenience,Aliqui UC-32,2384
Aliqui,Urban,Convenience,Aliqui UC-33,2385
Aliqui,Urban,Convenience,Aliqui UC-34,2386
Aliqui,Urban,Convenience,Aliqui UC-35,2387
Aliqui,Urban,Convenience,Aliqui UC-36,2388
Aliqui,Urban,Convenience,Aliqui UC-37,2389
Aliqui,Urban,Convenience,Aliqui UC-38,2390
Aliqui,Urban,Convenience,Aliqui UC-39,2391
Abbas,Urban,Extreme,Abbas UE-01,173
Abbas,Urban,Extreme,Abbas UE-02,174
Abbas,Urban,Extreme,Abbas UE-03,175
Abbas,Urban,Extreme,Abbas UE-04,176
Abbas,Urban,Extreme,Abbas UE-05,177
Abbas,Urban,Extreme,Abbas UE-06,178
Abbas,Urban,Extreme,Abbas UE-07,179
Abbas,Urban,Extreme,Abbas UE-08,180
Abbas,Urban,Extreme,Abbas UE-09,181
Abbas,Urban,Extreme,Abbas UE-10,182
Abbas,Urban,Extreme,Abbas UE-11,183
Abbas,Urban,Extreme,Abbas UE-12,184
Abbas,Urban,Extreme,Abbas UE-13,185
Abbas,Urban,Extreme,Abbas UE-14,186
Abbas,Urban,Extreme,Abbas UE-15,187
Abbas,Urban,Extreme,Abbas UE-16,188
Contoso,Urban,Extreme,Maximus UE-01,513
Contoso,Urban,Extreme,Maximus UE-02,514
Contoso,Urban,Extreme,Maximus UE-03,515
Contoso,Urban,Extreme,Maximus UE-04,516
Contoso,Urban,Extreme,Maximus UE-05,517
Contoso,Urban,Extreme,Maximus UE-06,518
Contoso,Urban,Extreme,Maximus UE-07,519
Contoso,Urban,Extreme,Maximus UE-08,520
Contoso,Urban,Extreme,Maximus UE-09,521
Contoso,Urban,Extreme,Maximus UE-10,522
Contoso,Urban,Extreme,Maximus UE-11,523
Contoso,Urban,Extreme,Maximus UE-12,524
Contoso,Urban,Extreme,Maximus UE-13,525
Contoso,Urban,Extreme,Maximus UE-14,526
Contoso,Urban,Extreme,Maximus UE-15,527
Contoso,Urban,Extreme,Maximus UE-16,528
Contoso,Urban,Extreme,Maximus UE-17,529
Contoso,Urban,Extreme,Maximus UE-18,530
Contoso,Urban,Extreme,Maximus UE-19,531
Contoso,Urban,Extreme,Maximus UE-20,532
Contoso,Urban,Extreme,Maximus UE-21,533
Contoso,Urban,Extreme,Maximus UE-22,534
Contoso,Urban,Extreme,Maximus UE-23,535
Natura,Urban,Extreme,Natura UE-01,892
Natura,Urban,Extreme,Natura UE-02,893
Natura,Urban,Extreme,Natura UE-03,894
Natura,Urban,Extreme,Natura UE-04,895
Natura,Urban,Extreme,Natura UE-05,896
Natura,Urban,Extreme,Natura UE-06,897
Natura,Urban,Extreme,Natura UE-07,898
Natura,Urban,Extreme,Natura UE-08,899
Natura,Urban,Extreme,Natura UE-09,900
Natura,Urban,Extreme,Natura UE-10,901
Natura,Urban,Extreme,Natura UE-11,902
Natura,Urban,Extreme,Natura UE-12,903
Natura,Urban,Extreme,Natura UE-13,904
Natura,Urban,Extreme,Natura UE-14,905
Natura,Urban,Extreme,Natura UE-15,906
Natura,Urban,Extreme,Natura UE-16,907
Natura,Urban,Extreme,Natura UE-17,908
Natura,Urban,Extreme,Natura UE-18,909
Natura,Urban,Extreme,Natura UE-19,910
Natura,Urban,Extreme,Natura UE-20,911
Natura,Urban,Extreme,Natura UE-21,912
Natura,Urban,Extreme,Natura UE-22,913
Natura,Urban,Extreme,Natura UE-23,914
Natura,Urban,Extreme,Natura UE-24,915
Natura,Urban,Extreme,Natura UE-25,916
Natura,Urban,Extreme,Natura UE-26,917
Natura,Urban,Extreme,Natura UE-27,918
Natura,Urban,Extreme,Natura UE-28,919
Natura,Urban,Extreme,Natura UE-29,920
Natura,Urban,Extreme,Natura UE-30,921
Natura,Urban,Extreme,Natura UE-31,922
Natura,Urban,Extreme,Natura UE-32,923
Natura,Urban,Extreme,Natura UE-33,924
Natura,Urban,Extreme,Natura UE-34,925
Natura,Urban,Extreme,Natura UE-35,926
Natura,Urban,Extreme,Natura UE-36,927
Natura,Urban,Extreme,Natura UE-37,928
Natura,Urban,Extreme,Natura UE-38,929
Natura,Urban,Extreme,Natura UE-39,930
Natura,Urban,Extreme,Natura UE-40,931
Natura,Urban,Extreme,Natura UE-41,932
Natura,Urban,Extreme,Natura UE-42,933
Natura,Urban,Extreme,Natura UE-43,934
Natura,Urban,Extreme,Natura UE-44,935
Natura,Urban,Extreme,Natura UE-45,936
Natura,Urban,Extreme,Natura UE-46,937
Pirum,Urban,Extreme,Pirum UE-01,1165
Pirum,Urban,Extreme,Pirum UE-02,1166
Pirum,Urban,Extreme,Pirum UE-03,1167
Pirum,Urban,Extreme,Pirum UE-04,1168
Pirum,Urban,Extreme,Pirum UE-05,1169
Pirum,Urban,Extreme,Pirum UE-06,1170
Pirum,Urban,Extreme,Pirum UE-07,1171
Pirum,Urban,Extreme,Pirum UE-08,1172
Pirum,Urban,Extreme,Pirum UE-09,1173
Pirum,Urban,Extreme,Pirum UE-10,1174
Pirum,Urban,Extreme,Pirum UE-11,1175
Pirum,Urban,Extreme,Pirum UE-12,1176
Pirum,Urban,Extreme,Pirum UE-13,1177
Pirum,Urban,Extreme,Pirum UE-14,1178
Pirum,Urban,Extreme,Pirum UE-15,1179
Pirum,Urban,Extreme,Pirum UE-16,1180
Pirum,Urban,Extreme,Pirum UE-17,1181
Pirum,Urban,Extreme,Pirum UE-18,1182
Pirum,Urban,Extreme,Pirum UE-19,1183
Pirum,Urban,Extreme,Pirum UE-20,1184
Pirum,Urban,Extreme,Pirum UE-21,1185
Pirum,Urban,Extreme,Pirum UE-22,1186
Pirum,Urban,Extreme,Pirum UE-23,1187
Pirum,Urban,Extreme,Pirum UE-24,1188
Pirum,Urban,Extreme,Pirum UE-25,1189
Pirum,Urban,Extreme,Pirum UE-26,1190
Pirum,Urban,Extreme,Pirum UE-27,1191
Pirum,Urban,Extreme,Pirum UE-28,1192
Pirum,Urban,Extreme,Pirum UE-29,1193
Pirum,Urban,Extreme,Pirum UE-30,1194
Pirum,Urban,Extreme,Pirum UE-31,1195
Pirum,Urban,Extreme,Pirum UE-32,1196
Pirum,Urban,Extreme,Pirum UE-33,1197
Pirum,Urban,Extreme,Pirum UE-34,1198
Quibus,Urban,Extreme,Quibus UE-01,1671
Quibus,Urban,Extreme,Quibus UE-02,1672
Quibus,Urban,Extreme,Quibus UE-03,1673
Quibus,Urban,Extreme,Quibus UE-04,1674
Quibus,Urban,Extreme,Quibus UE-05,1675
Quibus,Urban,Extreme,Quibus UE-06,1676
Quibus,Urban,Extreme,Quibus UE-07,1677
Quibus,Urban,Extreme,Quibus UE-08,1678
Quibus,Urban,Extreme,Quibus UE-09,1679
Quibus,Urban,Extreme,Quibus UE-10,1680
Quibus,Urban,Extreme,Quibus UE-11,1681
Quibus,Urban,Extreme,Quibus UE-12,1682
Quibus,Urban,Extreme,Quibus UE-13,1683
Quibus,Urban,Extreme,Quibus UE-14,1684
Quibus,Urban,Extreme,Quibus UE-15,1685
Quibus,Urban,Extreme,Quibus UE-16,1686
Quibus,Urban,Extreme,Quibus UE-17,1687
Salvus,Urban,Extreme,Salvus UE-01,1688
Pomum,Urban,Extreme,Pomum UE-01,1766
Pomum,Urban,Extreme,Pomum UE-02,1767
Pomum,Urban,Extreme,Pomum UE-03,1768
Pomum,Urban,Extreme,Pomum UE-04,1769
Pomum,Urban,Extreme,Pomum UE-05,1770
Pomum,Urban,Extreme,Pomum UE-06,1771
Pomum,Urban,Extreme,Pomum UE-07,1772
Pomum,Urban,Extreme,Pomum UE-08,1773
Pomum,Urban,Extreme,Pomum UE-09,1774
Pomum,Urban,Extreme,Pomum UE-10,1775
Pomum,Urban,Extreme,Pomum UE-11,1776
Pomum,Urban,Extreme,Pomum UE-12,1777
Pomum,Urban,Extreme,Pomum UE-13,1778
Pomum,Urban,Extreme,Pomum UE-14,1779
Pomum,Urban,Extreme,Pomum UE-15,1780
Pomum,Urban,Extreme,Pomum UE-16,1781
Pomum,Urban,Extreme,Pomum UE-17,1782
Pomum,Urban,Extreme,Pomum UE-18,1783
Pomum,Urban,Extreme,Pomum UE-19,1784
Pomum,Urban,Extreme,Pomum UE-20,1785
Pomum,Urban,Extreme,Pomum UE-21,1786
Pomum,Urban,Extreme,Pomum UE-22,1787
Pomum,Urban,Extreme,Pomum UE-23,1788
Pomum,Urban,Extreme,Pomum UE-24,1789
Pomum,Urban,Extreme,Pomum UE-25,1790
Pomum,Urban,Extreme,Pomum UE-26,1791
Pomum,Urban,Extreme,Pomum UE-27,1792
Pomum,Urban,Extreme,Pomum UE-28,1793
Pomum,Urban,Extreme,Pomum UE-29,1794
Currus,Urban,Extreme,Currus UE-01,2041
Currus,Urban,Extreme,Currus UE-02,2042
Currus,Urban,Extreme,Currus UE-03,2043
Currus,Urban,Extreme,Currus UE-04,2044
Currus,Urban,Extreme,Currus UE-05,2045
Currus,Urban,Extreme,Currus UE-06,2046
Currus,Urban,Extreme,Currus UE-07,2047
Currus,Urban,Extreme,Currus UE-08,2048
Currus,Urban,Extreme,Currus UE-09,2049
Currus,Urban,Extreme,Currus UE-10,2050
Currus,Urban,Extreme,Currus UE-11,2051
Currus,Urban,Extreme,Currus UE-12,2052
Currus,Urban,Extreme,Currus UE-13,2053
Currus,Urban,Extreme,Currus UE-14,2054
Currus,Urban,Extreme,Currus UE-15,2055
Currus,Urban,Extreme,Currus UE-16,2056
Currus,Urban,Extreme,Currus UE-17,2057
Currus,Urban,Extreme,Currus UE-18,2058
Currus,Urban,Extreme,Currus UE-19,2059
Currus,Urban,Extreme,Currus UE-20,2060
Currus,Urban,Extreme,Currus UE-21,2061
Currus,Urban,Extreme,Currus UE-22,2062
Currus,Urban,Extreme,Currus UE-23,2063
Currus,Urban,Extreme,Currus UE-24,2064
Currus,Urban,Extreme,Currus UE-25,2065
Victoria,Urban,Extreme,Victoria UE-01,2148
Victoria,Urban,Extreme,Victoria UE-02,2149
Victoria,Urban,Extreme,Victoria UE-03,2150
Victoria,Urban,Extreme,Victoria UE-04,2151
Victoria,Urban,Extreme,Victoria UE-05,2152
Victoria,Urban,Extreme,Victoria UE-06,2153
Victoria,Urban,Extreme,Victoria UE-07,2154
Victoria,Urban,Extreme,Victoria UE-08,2155
Victoria,Urban,Extreme,Victoria UE-09,2156
Victoria,Urban,Extreme,Victoria UE-10,2157
Victoria,Urban,Extreme,Victoria UE-11,2158
Victoria,Urban,Extreme,Victoria UE-12,2159
Victoria,Urban,Extreme,Victoria UE-13,2160
Victoria,Urban,Extreme,Victoria UE-14,2161
Victoria,Urban,Extreme,Victoria UE-15,2162
Victoria,Urban,Extreme,Victoria UE-16,2163
Victoria,Urban,Extreme,Victoria UE-17,2164
Victoria,Urban,Extreme,Victoria UE-18,2165
Victoria,Urban,Extreme,Victoria UE-19,2166
Victoria,Urban,Extreme,Victoria UE-20,2167
Victoria,Urban,Extreme,Victoria UE-21,2168
Victoria,Urban,Extreme,Victoria UE-22,2169
Victoria,Urban,Extreme,Victoria UE-23,2170
Aliqui,Urban,Extreme,Aliqui UE-01,2327
Aliqui,Urban,Extreme,Aliqui UE-02,2328
Aliqui,Urban,Extreme,Aliqui UE-03,2329
Aliqui,Urban,Extreme,Aliqui UE-04,2330
Aliqui,Urban,Extreme,Aliqui UE-05,2331
Aliqui,Urban,Extreme,Aliqui UE-06,2332
Aliqui,Urban,Extreme,Aliqui UE-07,2333
Aliqui,Urban,Extreme,Aliqui UE-08,2334
Aliqui,Urban,Extreme,Aliqui UE-09,2335
Aliqui,Urban,Extreme,Aliqui UE-10,2336
Aliqui,Urban,Extreme,Aliqui UE-11,2337
Aliqui,Urban,Extreme,Aliqui UE-12,2338
Aliqui,Urban,Extreme,Aliqui UE-13,2339
Aliqui,Urban,Extreme,Aliqui UE-14,2340
Aliqui,Urban,Extreme,Aliqui UE-15,2341
Aliqui,Urban,Extreme,Aliqui UE-16,2342
Aliqui,Urban,Extreme,Aliqui UE-17,2343
Aliqui,Urban,Extreme,Aliqui UE-18,2344
Aliqui,Urban,Extreme,Aliqui UE-19,2345
Aliqui,Urban,Extreme,Aliqui UE-20,2346
Aliqui,Urban,Extreme,Aliqui UE-21,2347
Aliqui,Urban,Extreme,Aliqui UE-22,2348
Aliqui,Urban,Extreme,Aliqui UE-23,2349
Aliqui,Urban,Extreme,Aliqui UE-24,2350
Aliqui,Urban,Extreme,Aliqui UE-25,2351
Aliqui,Urban,Extreme,Aliqui UE-26,2352
Fama,Urban,Extreme,Fama UE-01,280
Fama,Urban,Extreme,Fama UE-02,281
Fama,Urban,Extreme,Fama UE-03,282
Fama,Urban,Extreme,Fama UE-04,283
Fama,Urban,Extreme,Fama UE-05,284
Fama,Urban,Extreme,Fama UE-06,285
Fama,Urban,Extreme,Fama UE-07,286
Fama,Urban,Extreme,Fama UE-08,287
Fama,Urban,Extreme,Fama UE-09,288
Fama,Urban,Extreme,Fama UE-10,289
Fama,Urban,Extreme,Fama UE-11,290
Fama,Urban,Extreme,Fama UE-12,291
Fama,Urban,Extreme,Fama UE-13,292
Fama,Urban,Extreme,Fama UE-14,293
Fama,Urban,Extreme,Fama UE-15,294
Fama,Urban,Extreme,Fama UE-16,295
Fama,Urban,Extreme,Fama UE-17,296
Fama,Urban,Extreme,Fama UE-18,297
Fama,Urban,Extreme,Fama UE-19,298
Fama,Urban,Extreme,Fama UE-20,299
Fama,Urban,Extreme,Fama UE-21,300
Fama,Urban,Extreme,Fama UE-22,301
Fama,Urban,Extreme,Fama UE-23,302
Fama,Urban,Extreme,Fama UE-24,303
Fama,Urban,Extreme,Fama UE-25,304
Fama,Urban,Extreme,Fama UE-26,305
Fama,Urban,Extreme,Fama UE-27,306
Fama,Urban,Extreme,Fama UE-28,307
Fama,Urban,Extreme,Fama UE-29,308
Fama,Urban,Extreme,Fama UE-30,309
Fama,Urban,Extreme,Fama UE-31,310
Fama,Urban,Extreme,Fama UE-32,311
Fama,Urban,Extreme,Fama UE-33,312
Fama,Urban,Extreme,Fama UE-34,313
Fama,Urban,Extreme,Fama UE-35,314
Fama,Urban,Extreme,Fama UE-36,315
Fama,Urban,Extreme,Fama UE-37,316
Fama,Urban,Extreme,Fama UE-38,317
Fama,Urban,Extreme,Fama UE-39,318
Fama,Urban,Extreme,Fama UE-40,319
Fama,Urban,Extreme,Fama UE-41,320
Fama,Urban,Extreme,Fama UE-42,321
Fama,Urban,Extreme,Fama UE-43,322
Fama,Urban,Extreme,Fama UE-44,323
Fama,Urban,Extreme,Fama UE-45,324
Fama,Urban,Extreme,Fama UE-46,325
Fama,Urban,Extreme,Fama UE-47,326
Fama,Urban,Extreme,Fama UE-48,327
Fama,Urban,Extreme,Fama UE-49,328
Fama,Urban,Extreme,Fama UE-50,329
Fama,Urban,Extreme,Fama UE-51,330
Fama,Urban,Extreme,Fama UE-52,331
Fama,Urban,Extreme,Fama UE-53,332
Fama,Urban,Extreme,Fama UE-54,333
Fama,Urban,Extreme,Fama UE-55,334
Fama,Urban,Extreme,Fama UE-56,335
Fama,Urban,Extreme,Fama UE-57,336
Fama,Urban,Extreme,Fama UE-58,337
Fama,Urban,Extreme,Fama UE-59,338
Fama,Urban,Extreme,Fama UE-60,339
Fama,Urban,Extreme,Fama UE-61,340
Fama,Urban,Extreme,Fama UE-62,341
Fama,Urban,Extreme,Fama UE-63,342
Fama,Urban,Extreme,Fama UE-64,343
Fama,Urban,Extreme,Fama UE-65,344
Fama,Urban,Extreme,Fama UE-66,345
Fama,Urban,Extreme,Fama UE-67,346
Fama,Urban,Extreme,Fama UE-68,347
Fama,Urban,Extreme,Fama UE-69,348
Fama,Urban,Extreme,Fama UE-70,349
Fama,Urban,Extreme,Fama UE-71,350
Fama,Urban,Extreme,Fama UE-72,351
Fama,Urban,Extreme,Fama UE-73,352
Fama,Urban,Extreme,Fama UE-74,353
Fama,Urban,Extreme,Fama UE-75,354
Fama,Urban,Extreme,Fama UE-76,355
Fama,Urban,Extreme,Fama UE-77,356
Fama,Urban,Extreme,Fama UE-78,357
Fama,Urban,Extreme,Fama UE-79,358
Fama,Urban,Extreme,Fama UE-80,359
Fama,Urban,Extreme,Fama UE-81,360
Fama,Urban,Extreme,Fama UE-82,361
Fama,Urban,Extreme,Fama UE-83,362
Fama,Urban,Extreme,Fama UE-84,363
Fama,Urban,Extreme,Fama UE-85,364
Fama,Urban,Extreme,Fama UE-86,365
Fama,Urban,Extreme,Fama UE-87,366
Fama,Urban,Extreme,Fama UE-88,367
Fama,Urban,Extreme,Fama UE-89,368
Fama,Urban,Extreme,Fama UE-90,369
Fama,Urban,Extreme,Fama UE-91,370
Fama,Urban,Extreme,Fama UE-92,371
Fama,Urban,Extreme,Fama UE-93,372
Fama,Urban,Extreme,Fama UE-94,373
Fama,Urban,Extreme,Fama UE-95,374
Fama,Urban,Extreme,Fama UE-96,375
Fama,Urban,Extreme,Fama UE-97,376
Fama,Urban,Extreme,Fama UE-98,377
Fama,Urban,Extreme,Fama UE-99,378
Fama,Urban,Extreme,Fama UE-00,379
Fama,Urban,Extreme,Fama UE-01,380
Fama,Urban,Extreme,Fama UE-02,381
Fama,Urban,Extreme,Fama UE-03,382
Fama,Urban,Extreme,Fama UE-04,383
Fama,Urban,Extreme,Fama UE-05,384
Fama,Urban,Extreme,Fama UE-06,385
Fama,Urban,Extreme,Fama UE-07,386
Contoso,Urban,Moderation,Maximus UM-01,396
Contoso,Urban,Moderation,Maximus UM-02,397
Contoso,Urban,Moderation,Maximus UM-03,398
Contoso,Urban,Moderation,Maximus UM-04,399
Contoso,Urban,Moderation,Maximus UM-05,400
Contoso,Urban,Moderation,Maximus UM-06,401
Contoso,Urban,Moderation,Maximus UM-07,402
Contoso,Urban,Moderation,Maximus UM-08,403
Contoso,Urban,Moderation,Maximus UM-09,404
Contoso,Urban,Moderation,Maximus UM-10,405
Contoso,Urban,Moderation,Maximus UM-11,406
Contoso,Urban,Moderation,Maximus UM-12,407
Contoso,Urban,Moderation,Maximus UM-13,408
Contoso,Urban,Moderation,Maximus UM-14,409
Contoso,Urban,Moderation,Maximus UM-15,410
Contoso,Urban,Moderation,Maximus UM-16,411
Contoso,Urban,Moderation,Maximus UM-17,412
Contoso,Urban,Moderation,Maximus UM-18,413
Contoso,Urban,Moderation,Maximus UM-19,414
Contoso,Urban,Moderation,Maximus UM-20,415
Contoso,Urban,Moderation,Maximus UM-21,416
Contoso,Urban,Moderation,Maximus UM-22,417
Contoso,Urban,Moderation,Maximus UM-23,418
Contoso,Urban,Moderation,Maximus UM-24,419
Contoso,Urban,Moderation,Maximus UM-25,420
Contoso,Urban,Moderation,Maximus UM-26,421
Contoso,Urban,Moderation,Maximus UM-27,422
Contoso,Urban,Moderation,Maximus UM-28,423
Contoso,Urban,Moderation,Maximus UM-29,424
Contoso,Urban,Moderation,Maximus UM-30,425
Contoso,Urban,Moderation,Maximus UM-31,426
Contoso,Urban,Moderation,Maximus UM-32,427
Contoso,Urban,Moderation,Maximus UM-33,428
Contoso,Urban,Moderation,Maximus UM-34,429
Contoso,Urban,Moderation,Maximus UM-35,430
Contoso,Urban,Moderation,Maximus UM-36,431
Contoso,Urban,Moderation,Maximus UM-37,432
Contoso,Urban,Moderation,Maximus UM-38,433
Contoso,Urban,Moderation,Maximus UM-39,434
Contoso,Urban,Moderation,Maximus UM-40,435
Contoso,Urban,Moderation,Maximus UM-41,436
Contoso,Urban,Moderation,Maximus UM-42,437
Contoso,Urban,Moderation,Maximus UM-43,438
Contoso,Urban,Moderation,Maximus UM-44,439
Contoso,Urban,Moderation,Maximus UM-45,440
Contoso,Urban,Moderation,Maximus UM-46,441
Contoso,Urban,Moderation,Maximus UM-47,442
Contoso,Urban,Moderation,Maximus UM-48,443
Contoso,Urban,Moderation,Maximus UM-49,444
Contoso,Urban,Moderation,Maximus UM-50,445
Contoso,Urban,Moderation,Maximus UM-51,446
Contoso,Urban,Moderation,Maximus UM-52,447
Contoso,Urban,Moderation,Maximus UM-53,448
Contoso,Urban,Moderation,Maximus UM-54,449
Contoso,Urban,Moderation,Maximus UM-55,450
Contoso,Urban,Moderation,Maximus UM-56,451
Contoso,Urban,Moderation,Maximus UM-57,452
Contoso,Urban,Moderation,Maximus UM-58,453
Contoso,Urban,Moderation,Maximus UM-59,454
Contoso,Urban,Moderation,Maximus UM-60,455
Contoso,Urban,Moderation,Maximus UM-61,456
Contoso,Urban,Moderation,Maximus UM-62,457
Contoso,Urban,Moderation,Maximus UM-63,458
Contoso,Urban,Moderation,Maximus UM-64,459
Contoso,Urban,Moderation,Maximus UM-65,460
Contoso,Urban,Moderation,Maximus UM-66,461
Contoso,Urban,Moderation,Maximus UM-67,462
Contoso,Urban,Moderation,Maximus UM-68,463
Contoso,Urban,Moderation,Maximus UM-69,464
Contoso,Urban,Moderation,Maximus UM-70,465
Contoso,Urban,Moderation,Maximus UM-71,466
Contoso,Urban,Moderation,Maximus UM-72,467
Contoso,Urban,Moderation,Maximus UM-73,468
Contoso,Urban,Moderation,Maximus UM-74,469
Contoso,Urban,Moderation,Maximus UM-75,470
Contoso,Urban,Moderation,Maximus UM-76,471
Contoso,Urban,Moderation,Maximus UM-77,472
Contoso,Urban,Moderation,Maximus UM-78,473
Contoso,Urban,Moderation,Maximus UM-79,474
Contoso,Urban,Moderation,Maximus UM-80,475
Contoso,Urban,Moderation,Maximus UM-81,476
Contoso,Urban,Moderation,Maximus UM-82,477
Contoso,Urban,Moderation,Maximus UM-83,478
Contoso,Urban,Moderation,Maximus UM-84,479
Contoso,Urban,Moderation,Maximus UM-85,480
Contoso,Urban,Moderation,Maximus UM-86,481
Contoso,Urban,Moderation,Maximus UM-87,482
Contoso,Urban,Moderation,Maximus UM-88,483
Contoso,Urban,Moderation,Maximus UM-89,484
Contoso,Urban,Moderation,Maximus UM-90,485
Contoso,Urban,Moderation,Maximus UM-91,486
Contoso,Urban,Moderation,Maximus UM-92,487
Contoso,Urban,Moderation,Maximus UM-93,488
Contoso,Urban,Moderation,Maximus UM-94,489
Contoso,Urban,Moderation,Maximus UM-95,490
Contoso,Urban,Moderation,Maximus UM-96,491
Contoso,Urban,Moderation,Maximus UM-97,492
Contoso,Urban,Moderation,Maximus UM-98,493
Contoso,Urban,Moderation,Maximus UM-99,494
Contoso,Urban,Moderation,Maximus UM-00,495
Contoso,Urban,Moderation,Maximus UM-01,496
Contoso,Urban,Moderation,Maximus UM-02,497
Contoso,Urban,Moderation,Maximus UM-03,498
Contoso,Urban,Moderation,Maximus UM-04,499
Contoso,Urban,Moderation,Maximus UM-05,500
Contoso,Urban,Moderation,Maximus UM-06,501
Contoso,Urban,Moderation,Maximus UM-07,502
Contoso,Urban,Moderation,Maximus UM-08,503
Contoso,Urban,Moderation,Maximus UM-09,504
Contoso,Urban,Moderation,Maximus UM-10,505
Contoso,Urban,Moderation,Maximus UM-11,506
Contoso,Urban,Moderation,Maximus UM-12,507
Contoso,Urban,Moderation,Maximus UM-13,508
Contoso,Urban,Moderation,Maximus UM-14,509
Contoso,Urban,Moderation,Maximus UM-15,510
Contoso,Urban,Moderation,Maximus UM-16,511
Abbas,Urban,Moderation,Abbas UM-01,74
Abbas,Urban,Moderation,Abbas UM-02,75
Abbas,Urban,Moderation,Abbas UM-03,76
Abbas,Urban,Moderation,Abbas UM-04,77
Abbas,Urban,Moderation,Abbas UM-05,78
Abbas,Urban,Moderation,Abbas UM-06,79
Abbas,Urban,Moderation,Abbas UM-07,80
Abbas,Urban,Moderation,Abbas UM-08,81
Abbas,Urban,Moderation,Abbas UM-09,82
Abbas,Urban,Moderation,Abbas UM-10,83
Abbas,Urban,Moderation,Abbas UM-11,84
Abbas,Urban,Moderation,Abbas UM-12,85
Abbas,Urban,Moderation,Abbas UM-13,86
Abbas,Urban,Moderation,Abbas UM-14,87
Abbas,Urban,Moderation,Abbas UM-15,88
Abbas,Urban,Moderation,Abbas UM-16,89
Abbas,Urban,Moderation,Abbas UM-17,90
Abbas,Urban,Moderation,Abbas UM-18,91
Abbas,Urban,Moderation,Abbas UM-19,92
Abbas,Urban,Moderation,Abbas UM-20,93
Abbas,Urban,Moderation,Abbas UM-21,94
Abbas,Urban,Moderation,Abbas UM-22,95
Abbas,Urban,Moderation,Abbas UM-23,96
Abbas,Urban,Moderation,Abbas UM-24,97
Abbas,Urban,Moderation,Abbas UM-25,98
Abbas,Urban,Moderation,Abbas UM-26,99
Abbas,Urban,Moderation,Abbas UM-27,100
Abbas,Urban,Moderation,Abbas UM-28,101
Abbas,Urban,Moderation,Abbas UM-29,102
Abbas,Urban,Moderation,Abbas UM-30,103
Abbas,Urban,Moderation,Abbas UM-31,104
Abbas,Urban,Moderation,Abbas UM-32,105
Abbas,Urban,Moderation,Abbas UM-33,106
Abbas,Urban,Moderation,Abbas UM-34,107
Abbas,Urban,Moderation,Abbas UM-35,108
Abbas,Urban,Moderation,Abbas UM-36,109
Abbas,Urban,Moderation,Abbas UM-37,110
Abbas,Urban,Moderation,Abbas UM-38,111
Abbas,Urban,Moderation,Abbas UM-39,112
Abbas,Urban,Moderation,Abbas UM-40,113
Abbas,Urban,Moderation,Abbas UM-41,114
Abbas,Urban,Moderation,Abbas UM-42,115
Abbas,Urban,Moderation,Abbas UM-43,116
Abbas,Urban,Moderation,Abbas UM-44,117
Abbas,Urban,Moderation,Abbas UM-45,118
Abbas,Urban,Moderation,Abbas UM-46,119
Abbas,Urban,Moderation,Abbas UM-47,120
Abbas,Urban,Moderation,Abbas UM-48,121
Abbas,Urban,Moderation,Abbas UM-49,122
Abbas,Urban,Moderation,Abbas UM-50,123
Abbas,Urban,Moderation,Abbas UM-51,124
Abbas,Urban,Moderation,Abbas UM-52,125
Abbas,Urban,Moderation,Abbas UM-53,126
Abbas,Urban,Moderation,Abbas UM-54,127
Abbas,Urban,Moderation,Abbas UM-55,128
Abbas,Urban,Moderation,Abbas UM-56,129
Barba,Urban,Moderation,Barba UM-01,199
Barba,Urban,Moderation,Barba UM-02,200
Barba,Urban,Moderation,Barba UM-03,201
Barba,Urban,Moderation,Barba UM-04,202
Barba,Urban,Moderation,Barba UM-05,203
Barba,Urban,Moderation,Barba UM-06,204
Barba,Urban,Moderation,Barba UM-07,205
Barba,Urban,Moderation,Barba UM-08,206
Barba,Urban,Moderation,Barba UM-09,207
Barba,Urban,Moderation,Barba UM-10,208
Barba,Urban,Moderation,Barba UM-11,209
Barba,Urban,Moderation,Barba UM-12,210
Fama,Urban,Moderation,Fama UM-01,223
Fama,Urban,Moderation,Fama UM-02,224
Fama,Urban,Moderation,Fama UM-03,225
Fama,Urban,Moderation,Fama UM-04,226
Fama,Urban,Moderation,Fama UM-05,227
Fama,Urban,Moderation,Fama UM-06,228
Natura,Urban,Moderation,Natura UM-01,817
Natura,Urban,Moderation,Natura UM-02,818
Natura,Urban,Moderation,Natura UM-03,819
Natura,Urban,Moderation,Natura UM-04,820
Natura,Urban,Moderation,Natura UM-05,821
Natura,Urban,Moderation,Natura UM-06,822
Natura,Urban,Moderation,Natura UM-07,823
Natura,Urban,Moderation,Natura UM-08,824
Natura,Urban,Moderation,Natura UM-09,825
Natura,Urban,Moderation,Natura UM-10,826
Natura,Urban,Moderation,Natura UM-11,827
Natura,Urban,Moderation,Natura UM-12,828
Natura,Urban,Moderation,Natura UM-13,829
Natura,Urban,Moderation,Natura UM-14,830
Natura,Urban,Moderation,Natura UM-15,831
Natura,Urban,Moderation,Natura UM-16,832
Natura,Urban,Moderation,Natura UM-17,833
Natura,Urban,Moderation,Natura UM-18,834
Natura,Urban,Moderation,Natura UM-19,835
Natura,Urban,Moderation,Natura UM-20,836
Natura,Urban,Moderation,Natura UM-21,837
Natura,Urban,Moderation,Natura UM-22,838
Natura,Urban,Moderation,Natura UM-23,839
Natura,Urban,Moderation,Natura UM-24,840
Natura,Urban,Moderation,Natura UM-25,841
Natura,Urban,Moderation,Natura UM-26,842
Natura,Urban,Moderation,Natura UM-27,843
Natura,Urban,Moderation,Natura UM-28,844
Natura,Urban,Moderation,Natura UM-29,845
Natura,Urban,Moderation,Natura UM-30,846
Natura,Urban,Moderation,Natura UM-31,847
Natura,Urban,Moderation,Natura UM-32,848
Natura,Urban,Moderation,Natura UM-33,849
Natura,Urban,Moderation,Natura UM-34,850
Natura,Urban,Moderation,Natura UM-35,851
Natura,Urban,Moderation,Natura UM-36,852
Natura,Urban,Moderation,Natura UM-37,853
Natura,Urban,Moderation,Natura UM-38,854
Palma,Urban,Moderation,Palma UM-01,1027
Palma,Urban,Moderation,Palma UM-02,1028
Pirum,Urban,Moderation,Pirum UM-01,1124
Pirum,Urban,Moderation,Pirum UM-02,1125
Pirum,Urban,Moderation,Pirum UM-03,1126
Pirum,Urban,Moderation,Pirum UM-04,1127
Pirum,Urban,Moderation,Pirum UM-05,1128
Pirum,Urban,Moderation,Pirum UM-06,1129
Pirum,Urban,Moderation,Pirum UM-07,1130
Pirum,Urban,Moderation,Pirum UM-08,1131
Pirum,Urban,Moderation,Pirum UM-09,1132
Pirum,Urban,Moderation,Pirum UM-10,1133
Pirum,Urban,Moderation,Pirum UM-11,1134
Pirum,Urban,Moderation,Pirum UM-12,1135
Pirum,Urban,Moderation,Pirum UM-13,1136
Pirum,Urban,Moderation,Pirum UM-14,1137
Pirum,Urban,Moderation,Pirum UM-15,1138
Pirum,Urban,Moderation,Pirum UM-16,1139
Pirum,Urban,Moderation,Pirum UM-17,1140
Pirum,Urban,Moderation,Pirum UM-18,1141
Pirum,Urban,Moderation,Pirum UM-19,1142
Pirum,Urban,Moderation,Pirum UM-20,1143
Pomum,Urban,Moderation,Pomum UM-01,1749
Pomum,Urban,Moderation,Pomum UM-02,1750
Pomum,Urban,Moderation,Pomum UM-03,1751
Pomum,Urban,Moderation,Pomum UM-04,1752
Pomum,Urban,Moderation,Pomum UM-05,1753
Pomum,Urban,Moderation,Pomum UM-06,1754
Leo,Urban,Moderation,Leo UM-01,1863
Leo,Urban,Moderation,Leo UM-02,1864
Leo,Urban,Moderation,Leo UM-03,1865
Leo,Urban,Moderation,Leo UM-04,1866
Leo,Urban,Moderation,Leo UM-05,1867
Leo,Urban,Moderation,Leo UM-06,1868
Leo,Urban,Moderation,Leo UM-07,1869
Leo,Urban,Moderation,Leo UM-08,1870
Leo,Urban,Moderation,Leo UM-09,1871
Leo,Urban,Moderation,Leo UM-10,1872
Leo,Urban,Moderation,Leo UM-11,1873
Leo,Urban,Moderation,Leo UM-12,1874
Leo,Urban,Moderation,Leo UM-13,1875
Leo,Urban,Moderation,Leo UM-14,1876
Leo,Urban,Moderation,Leo UM-15,1877
Leo,Urban,Moderation,Leo UM-16,1878
Leo,Urban,Moderation,Leo UM-17,1879
Leo,Urban,Moderation,Leo UM-18,1880
Leo,Urban,Moderation,Leo UM-19,1881
Currus,Urban,Moderation,Currus UM-01,1994
Currus,Urban,Moderation,Currus UM-02,1995
Currus,Urban,Moderation,Currus UM-03,1996
Currus,Urban,Moderation,Currus UM-04,1997
Victoria,Urban,Moderation,Victoria UM-01,2110
Victoria,Urban,Moderation,Victoria UM-02,2111
Victoria,Urban,Moderation,Victoria UM-03,2112
Victoria,Urban,Moderation,Victoria UM-04,2113
Victoria,Urban,Moderation,Victoria UM-05,2114
Victoria,Urban,Moderation,Victoria UM-06,2115
Victoria,Urban,Moderation,Victoria UM-07,2116
Victoria,Urban,Moderation,Victoria UM-08,2117
Victoria,Urban,Moderation,Victoria UM-09,2118
Victoria,Urban,Moderation,Victoria UM-10,2119
Victoria,Urban,Moderation,Victoria UM-11,2120
Victoria,Urban,Moderation,Victoria UM-12,2121
Victoria,Urban,Moderation,Victoria UM-13,2122
Victoria,Urban,Moderation,Victoria UM-14,2123
Victoria,Urban,Moderation,Victoria UM-15,2124
Aliqui,Urban,Moderation,Aliqui UM-01,2286
Aliqui,Urban,Moderation,Aliqui UM-02,2287
Aliqui,Urban,Moderation,Aliqui UM-03,2288
Aliqui,Urban,Moderation,Aliqui UM-04,2289
Aliqui,Urban,Moderation,Aliqui UM-05,2290
Aliqui,Urban,Moderation,Aliqui UM-06,2291
Aliqui,Urban,Moderation,Aliqui UM-07,2292
Aliqui,Urban,Moderation,Aliqui UM-08,2293
Aliqui,Urban,Moderation,Aliqui UM-09,2294
Aliqui,Urban,Moderation,Aliqui UM-10,2295
Aliqui,Urban,Moderation,Aliqui UM-11,2296
Aliqui,Urban,Moderation,Aliqui UM-12,2297
Abbas,Urban,Regular,Abbas UR-01,130
Abbas,Urban,Regular,Abbas UR-02,131
Abbas,Urban,Regular,Abbas UR-03,132
Abbas,Urban,Regular,Abbas UR-04,133
Abbas,Urban,Regular,Abbas UR-05,134
Abbas,Urban,Regular,Abbas UR-06,135
Abbas,Urban,Regular,Abbas UR-07,136
Abbas,Urban,Regular,Abbas UR-08,137
Abbas,Urban,Regular,Abbas UR-09,138
Abbas,Urban,Regular,Abbas UR-10,139
Abbas,Urban,Regular,Abbas UR-11,140
Abbas,Urban,Regular,Abbas UR-12,141
Abbas,Urban,Regular,Abbas UR-13,142
Abbas,Urban,Regular,Abbas UR-14,143
Abbas,Urban,Regular,Abbas UR-15,144
Abbas,Urban,Regular,Abbas UR-16,145
Abbas,Urban,Regular,Abbas UR-17,146
Abbas,Urban,Regular,Abbas UR-18,147
Abbas,Urban,Regular,Abbas UR-19,148
Abbas,Urban,Regular,Abbas UR-20,149
Abbas,Urban,Regular,Abbas UR-21,150
Abbas,Urban,Regular,Abbas UR-22,151
Abbas,Urban,Regular,Abbas UR-23,152
Abbas,Urban,Regular,Abbas UR-24,153
Abbas,Urban,Regular,Abbas UR-25,154
Abbas,Urban,Regular,Abbas UR-26,155
Abbas,Urban,Regular,Abbas UR-27,156
Abbas,Urban,Regular,Abbas UR-28,157
Abbas,Urban,Regular,Abbas UR-29,158
Abbas,Urban,Regular,Abbas UR-30,159
Abbas,Urban,Regular,Abbas UR-31,160
Abbas,Urban,Regular,Abbas UR-32,161
Abbas,Urban,Regular,Abbas UR-33,162
Abbas,Urban,Regular,Abbas UR-34,163
Abbas,Urban,Regular,Abbas UR-35,164
Abbas,Urban,Regular,Abbas UR-36,165
Abbas,Urban,Regular,Abbas UR-37,166
Abbas,Urban,Regular,Abbas UR-38,167
Abbas,Urban,Regular,Abbas UR-39,168
Abbas,Urban,Regular,Abbas UR-40,169
Abbas,Urban,Regular,Abbas UR-41,170
Abbas,Urban,Regular,Abbas UR-42,171
Abbas,Urban,Regular,Abbas UR-43,172
Fama,Urban,Regular,Fama UR-01,229
Fama,Urban,Regular,Fama UR-02,230
Fama,Urban,Regular,Fama UR-03,231
Fama,Urban,Regular,Fama UR-04,232
Fama,Urban,Regular,Fama UR-05,233
Fama,Urban,Regular,Fama UR-06,234
Fama,Urban,Regular,Fama UR-07,235
Fama,Urban,Regular,Fama UR-08,236
Fama,Urban,Regular,Fama UR-09,237
Fama,Urban,Regular,Fama UR-10,238
Fama,Urban,Regular,Fama UR-11,239
Fama,Urban,Regular,Fama UR-12,240
Fama,Urban,Regular,Fama UR-13,241
Fama,Urban,Regular,Fama UR-14,242
Fama,Urban,Regular,Fama UR-15,243
Fama,Urban,Regular,Fama UR-16,244
Fama,Urban,Regular,Fama UR-17,245
Fama,Urban,Regular,Fama UR-18,246
Fama,Urban,Regular,Fama UR-19,247
Fama,Urban,Regular,Fama UR-20,248
Fama,Urban,Regular,Fama UR-21,249
Fama,Urban,Regular,Fama UR-22,250
Fama,Urban,Regular,Fama UR-23,251
Fama,Urban,Regular,Fama UR-24,252
Fama,Urban,Regular,Fama UR-25,253
Fama,Urban,Regular,Fama UR-26,254
Fama,Urban,Regular,Fama UR-27,255
Fama,Urban,Regular,Fama UR-28,256
Fama,Urban,Regular,Fama UR-29,257
Fama,Urban,Regular,Fama UR-30,258
Fama,Urban,Regular,Fama UR-31,259
Fama,Urban,Regular,Fama UR-32,260
Fama,Urban,Regular,Fama UR-33,261
Fama,Urban,Regular,Fama UR-34,262
Fama,Urban,Regular,Fama UR-35,263
Fama,Urban,Regular,Fama UR-36,264
Fama,Urban,Regular,Fama UR-37,265
Fama,Urban,Regular,Fama UR-38,266
Fama,Urban,Regular,Fama UR-39,267
Fama,Urban,Regular,Fama UR-40,268
Fama,Urban,Regular,Fama UR-41,269
Fama,Urban,Regular,Fama UR-42,270
Fama,Urban,Regular,Fama UR-43,271
Fama,Urban,Regular,Fama UR-44,272
Fama,Urban,Regular,Fama UR-45,273
Fama,Urban,Regular,Fama UR-46,274
Fama,Urban,Regular,Fama UR-47,275
Fama,Urban,Regular,Fama UR-48,276
Fama,Urban,Regular,Fama UR-49,277
Fama,Urban,Regular,Fama UR-50,278
Fama,Urban,Regular,Fama UR-51,279
Contoso,Urban,Regular,Maximus UR-01,512
Natura,Urban,Regular,Natura UR-01,855
Natura,Urban,Regular,Natura UR-02,856
Natura,Urban,Regular,Natura UR-03,857
Natura,Urban,Regular,Natura UR-04,858
Natura,Urban,Regular,Natura UR-05,859
Natura,Urban,Regular,Natura UR-06,860
Natura,Urban,Regular,Natura UR-07,861
Natura,Urban,Regular,Natura UR-08,862
Natura,Urban,Regular,Natura UR-09,863
Natura,Urban,Regular,Natura UR-10,864
Natura,Urban,Regular,Natura UR-11,865
Natura,Urban,Regular,Natura UR-12,866
Natura,Urban,Regular,Natura UR-13,867
Natura,Urban,Regular,Natura UR-14,868
Natura,Urban,Regular,Natura UR-15,869
Natura,Urban,Regular,Natura UR-16,870
Natura,Urban,Regular,Natura UR-17,871
Natura,Urban,Regular,Natura UR-18,872
Natura,Urban,Regular,Natura UR-19,873
Natura,Urban,Regular,Natura UR-20,874
Natura,Urban,Regular,Natura UR-21,875
Natura,Urban,Regular,Natura UR-22,876
Natura,Urban,Regular,Natura UR-23,877
Natura,Urban,Regular,Natura UR-24,878
Natura,Urban,Regular,Natura UR-25,879
Natura,Urban,Regular,Natura UR-26,880
Natura,Urban,Regular,Natura UR-27,881
Natura,Urban,Regular,Natura UR-28,882
Natura,Urban,Regular,Natura UR-29,883
Natura,Urban,Regular,Natura UR-30,884
Natura,Urban,Regular,Natura UR-31,885
Natura,Urban,Regular,Natura UR-32,886
Natura,Urban,Regular,Natura UR-33,887
Natura,Urban,Regular,Natura UR-34,888
Natura,Urban,Regular,Natura UR-35,889
Natura,Urban,Regular,Natura UR-36,890
Natura,Urban,Regular,Natura UR-37,891
Pirum,Urban,Regular,Pirum UR-01,1144
Pirum,Urban,Regular,Pirum UR-02,1145
Pirum,Urban,Regular,Pirum UR-03,1146
Pirum,Urban,Regular,Pirum UR-04,1147
Pirum,Urban,Regular,Pirum UR-05,1148
Pirum,Urban,Regular,Pirum UR-06,1149
Pirum,Urban,Regular,Pirum UR-07,1150
Pirum,Urban,Regular,Pirum UR-08,1151
Pirum,Urban,Regular,Pirum UR-09,1152
Pirum,Urban,Regular,Pirum UR-10,1153
Pirum,Urban,Regular,Pirum UR-11,1154
Pirum,Urban,Regular,Pirum UR-12,1155
Pirum,Urban,Regular,Pirum UR-13,1156
Pirum,Urban,Regular,Pirum UR-14,1157
Pirum,Urban,Regular,Pirum UR-15,1158
Pirum,Urban,Regular,Pirum UR-16,1159
Pirum,Urban,Regular,Pirum UR-17,1160
Pirum,Urban,Regular,Pirum UR-18,1161
Pirum,Urban,Regular,Pirum UR-19,1162
Pirum,Urban,Regular,Pirum UR-20,1163
Pirum,Urban,Regular,Pirum UR-21,1164
Quibus,Urban,Regular,Quibus UR-01,1668
Quibus,Urban,Regular,Quibus UR-02,1669
Quibus,Urban,Regular,Quibus UR-03,1670
Pomum,Urban,Regular,Pomum UR-01,1755
Pomum,Urban,Regular,Pomum UR-02,1756
Pomum,Urban,Regular,Pomum UR-03,1757
Pomum,Urban,Regular,Pomum UR-04,1758
Pomum,Urban,Regular,Pomum UR-05,1759
Pomum,Urban,Regular,Pomum UR-06,1760
Pomum,Urban,Regular,Pomum UR-07,1761
Pomum,Urban,Regular,Pomum UR-08,1762
Pomum,Urban,Regular,Pomum UR-09,1763
Pomum,Urban,Regular,Pomum UR-10,1764
Pomum,Urban,Regular,Pomum UR-11,1765
Currus,Urban,Regular,Currus UR-01,1998
Currus,Urban,Regular,Currus UR-02,1999
Currus,Urban,Regular,Currus UR-03,2000
Currus,Urban,Regular,Currus UR-04,2001
Currus,Urban,Regular,Currus UR-05,2002
Currus,Urban,Regular,Currus UR-06,2003
Currus,Urban,Regular,Currus UR-07,2004
Currus,Urban,Regular,Currus UR-08,2005
Currus,Urban,Regular,Currus UR-09,2006
Currus,Urban,Regular,Currus UR-10,2007
Currus,Urban,Regular,Currus UR-11,2008
Currus,Urban,Regular,Currus UR-12,2009
Currus,Urban,Regular,Currus UR-13,2010
Currus,Urban,Regular,Currus UR-14,2011
Currus,Urban,Regular,Currus UR-15,2012
Currus,Urban,Regular,Currus UR-16,2013
Currus,Urban,Regular,Currus UR-17,2014
Currus,Urban,Regular,Currus UR-18,2015
Currus,Urban,Regular,Currus UR-19,2016
Currus,Urban,Regular,Currus UR-20,2017
Currus,Urban,Regular,Currus UR-21,2018
Currus,Urban,Regular,Currus UR-22,2019
Currus,Urban,Regular,Currus UR-23,2020
Currus,Urban,Regular,Currus UR-24,2021
Currus,Urban,Regular,Currus UR-25,2022
Currus,Urban,Regular,Currus UR-26,2023
Currus,Urban,Regular,Currus UR-27,2024
Currus,Urban,Regular,Currus UR-28,2025
Currus,Urban,Regular,Currus UR-29,2026
Currus,Urban,Regular,Currus UR-30,2027
Currus,Urban,Regular,Currus UR-31,2028
Currus,Urban,Regular,Currus UR-32,2029
Currus,Urban,Regular,Currus UR-33,2030
Currus,Urban,Regular,Currus UR-34,2031
Currus,Urban,Regular,Currus UR-35,2032
Currus,Urban,Regular,Currus UR-36,2033
Currus,Urban,Regular,Currus UR-37,2034
Currus,Urban,Regular,Currus UR-38,2035
Currus,Urban,Regular,Currus UR-39,2036
Currus,Urban,Regular,Currus UR-40,2037
Currus,Urban,Regular,Currus UR-41,2038
Currus,Urban,Regular,Currus UR-42,2039
Currus,Urban,Regular,Currus UR-43,2040
Victoria,Urban,Regular,Victoria UR-01,2125
Victoria,Urban,Regular,Victoria UR-02,2126
Victoria,Urban,Regular,Victoria UR-03,2127
Victoria,Urban,Regular,Victoria UR-04,2128
Victoria,Urban,Regular,Victoria UR-05,2129
Victoria,Urban,Regular,Victoria UR-06,2130
Victoria,Urban,Regular,Victoria UR-07,2131
Victoria,Urban,Regular,Victoria UR-08,2132
Victoria,Urban,Regular,Victoria UR-09,2133
Victoria,Urban,Regular,Victoria UR-10,2134
Victoria,Urban,Regular,Victoria UR-11,2135
Victoria,Urban,Regular,Victoria UR-12,2136
Victoria,Urban,Regular,Victoria UR-13,2137
Victoria,Urban,Regular,Victoria UR-14,2138
Victoria,Urban,Regular,Victoria UR-15,2139
Victoria,Urban,Regular,Victoria UR-16,2140
Victoria,Urban,Regular,Victoria UR-17,2141
Victoria,Urban,Regular,Victoria UR-18,2142
Victoria,Urban,Regular,Victoria UR-19,2143
Victoria,Urban,Regular,Victoria UR-20,2144
Victoria,Urban,Regular,Victoria UR-21,2145
Victoria,Urban,Regular,Victoria UR-22,2146
Victoria,Urban,Regular,Victoria UR-23,2147
Aliqui,Urban,Regular,Aliqui UR-01,2298
Aliqui,Urban,Regular,Aliqui UR-02,2299
Aliqui,Urban,Regular,Aliqui UR-03,2300
Aliqui,Urban,Regular,Aliqui UR-04,2301
Aliqui,Urban,Regular,Aliqui UR-05,2302
Aliqui,Urban,Regular,Aliqui UR-06,2303
Aliqui,Urban,Regular,Aliqui UR-07,2304
Aliqui,Urban,Regular,Aliqui UR-08,2305
Aliqui,Urban,Regular,Aliqui UR-09,2306
Aliqui,Urban,Regular,Aliqui UR-10,2307
Aliqui,Urban,Regular,Aliqui UR-11,2308
Aliqui,Urban,Regular,Aliqui UR-12,2309
Aliqui,Urban,Regular,Aliqui UR-13,2310
Aliqui,Urban,Regular,Aliqui UR-14,2311
Aliqui,Urban,Regular,Aliqui UR-15,2312
Aliqui,Urban,Regular,Aliqui UR-16,2313
Aliqui,Urban,Regular,Aliqui UR-17,2314
Aliqui,Urban,Regular,Aliqui UR-18,2315
Aliqui,Urban,Regular,Aliqui UR-19,2316
Aliqui,Urban,Regular,Aliqui UR-20,2317
Aliqui,Urban,Regular,Aliqui UR-21,2318
Aliqui,Urban,Regular,Aliqui UR-22,2319
Aliqui,Urban,Regular,Aliqui UR-23,2320
Aliqui,Urban,Regular,Aliqui UR-24,2321
Aliqui,Urban,Regular,Aliqui UR-25,2322
Aliqui,Urban,Regular,Aliqui UR-26,2323
Aliqui,Urban,Regular,Aliqui UR-27,2324
Aliqui,Urban,Regular,Aliqui UR-28,2325
Aliqui,Urban,Regular,Aliqui UR-29,2326
Abbas,Mix,All Season,Abbas MA-01,1
Abbas,Mix,All Season,Abbas MA-02,2
Abbas,Mix,All Season,Abbas MA-03,3
Abbas,Mix,All Season,Abbas MA-04,4
Abbas,Mix,All Season,Abbas MA-05,5
Abbas,Mix,All Season,Abbas MA-06,6
Abbas,Mix,All Season,Abbas MA-07,7
Abbas,Mix,All Season,Abbas MA-08,8
Abbas,Mix,All Season,Abbas MA-09,9
Abbas,Mix,All Season,Abbas MA-10,10
Abbas,Mix,All Season,Abbas MA-11,11
Abbas,Mix,All Season,Abbas MA-12,12
Abbas,Mix,All Season,Abbas MA-13,13
Abbas,Mix,All Season,Abbas MA-14,14
Abbas,Mix,All Season,Abbas MA-15,15
Abbas,Mix,All Season,Abbas MA-16,16
Abbas,Mix,All Season,Abbas MA-17,17
Abbas,Mix,All Season,Abbas MA-18,18
Abbas,Mix,All Season,Abbas MA-19,19
Abbas,Mix,All Season,Abbas MA-20,20
Abbas,Mix,All Season,Abbas MA-21,21
Abbas,Mix,All Season,Abbas MA-22,22
Abbas,Mix,All Season,Abbas MA-23,23
Abbas,Mix,All Season,Abbas MA-24,24
Abbas,Mix,All Season,Abbas MA-25,25
Abbas,Mix,All Season,Abbas MA-26,26
Abbas,Mix,All Season,Abbas MA-27,27
Abbas,Mix,All Season,Abbas MA-28,28
Abbas,Mix,All Season,Abbas MA-29,29
Abbas,Mix,All Season,Abbas MA-30,30
Abbas,Mix,All Season,Abbas MA-31,31
Abbas,Mix,All Season,Abbas MA-32,32
Abbas,Mix,All Season,Abbas MA-33,33
Abbas,Mix,All Season,Abbas MA-34,34
Abbas,Mix,All Season,Abbas MA-35,35
Abbas,Mix,All Season,Abbas MA-36,36
Abbas,Mix,All Season,Abbas MA-37,37
Abbas,Mix,All Season,Abbas MA-38,38
Abbas,Mix,All Season,Abbas MA-39,39
Abbas,Mix,All Season,Abbas MA-40,40
Abbas,Mix,All Season,Abbas MA-41,41
Abbas,Mix,All Season,Abbas MA-42,42
Abbas,Mix,All Season,Abbas MA-43,43
Abbas,Mix,All Season,Abbas MA-44,44
Abbas,Mix,All Season,Abbas MA-45,45
Fama,Mix,All Season,Fama MA-01,211
Fama,Mix,All Season,Fama MA-02,212
Natura,Mix,All Season,Natura MA-01,694
Natura,Mix,All Season,Natura MA-02,695
Natura,Mix,All Season,Natura MA-03,696
Natura,Mix,All Season,Natura MA-04,697
Natura,Mix,All Season,Natura MA-05,698
Natura,Mix,All Season,Natura MA-06,699
Natura,Mix,All Season,Natura MA-07,700
Natura,Mix,All Season,Natura MA-08,701
Natura,Mix,All Season,Natura MA-09,702
Natura,Mix,All Season,Natura MA-10,703
Natura,Mix,All Season,Natura MA-11,704
Natura,Mix,All Season,Natura MA-12,705
Natura,Mix,All Season,Natura MA-13,706
Natura,Mix,All Season,Natura MA-14,707
Natura,Mix,All Season,Natura MA-15,708
Natura,Mix,All Season,Natura MA-16,709
Natura,Mix,All Season,Natura MA-17,710
Natura,Mix,All Season,Natura MA-18,711
Natura,Mix,All Season,Natura MA-19,712
Pirum,Mix,All Season,Pirum MA-01,1043
Pirum,Mix,All Season,Pirum MA-02,1044
Pirum,Mix,All Season,Pirum MA-03,1045
Pirum,Mix,All Season,Pirum MA-04,1046
Pirum,Mix,All Season,Pirum MA-05,1047
Pirum,Mix,All Season,Pirum MA-06,1048
Pirum,Mix,All Season,Pirum MA-07,1049
Pirum,Mix,All Season,Pirum MA-08,1050
Pirum,Mix,All Season,Pirum MA-09,1051
Pirum,Mix,All Season,Pirum MA-10,1052
Pirum,Mix,All Season,Pirum MA-11,1053
Pirum,Mix,All Season,Pirum MA-12,1054
Pomum,Mix,All Season,Pomum MA-01,1726
Pomum,Mix,All Season,Pomum MA-02,1727
Pomum,Mix,All Season,Pomum MA-03,1728
Pomum,Mix,All Season,Pomum MA-04,1729
Pomum,Mix,All Season,Pomum MA-05,1730
Pomum,Mix,All Season,Pomum MA-06,1731
Currus,Mix,All Season,Currus MA-01,1908
Currus,Mix,All Season,Currus MA-02,1909
Currus,Mix,All Season,Currus MA-03,1910
Currus,Mix,All Season,Currus MA-04,1911
Currus,Mix,All Season,Currus MA-05,1912
Currus,Mix,All Season,Currus MA-06,1913
Currus,Mix,All Season,Currus MA-07,1914
Currus,Mix,All Season,Currus MA-08,1915
Currus,Mix,All Season,Currus MA-09,1916
Currus,Mix,All Season,Currus MA-10,1917
Currus,Mix,All Season,Currus MA-11,1918
Currus,Mix,All Season,Currus MA-12,1919
Currus,Mix,All Season,Currus MA-13,1920
Currus,Mix,All Season,Currus MA-14,1921
Currus,Mix,All Season,Currus MA-15,1922
Currus,Mix,All Season,Currus MA-16,1923
Currus,Mix,All Season,Currus MA-17,1924
Currus,Mix,All Season,Currus MA-18,1925
Victoria,Mix,All Season,Victoria MA-01,2102
Victoria,Mix,All Season,Victoria MA-02,2103
Victoria,Mix,All Season,Victoria MA-03,2104
Victoria,Mix,All Season,Victoria MA-04,2105
Victoria,Mix,All Season,Victoria MA-05,2106
Victoria,Mix,All Season,Victoria MA-06,2107
Aliqui,Mix,All Season,Aliqui MA-01,2187
Aliqui,Mix,All Season,Aliqui MA-02,2188
Aliqui,Mix,All Season,Aliqui MA-03,2189
Aliqui,Mix,All Season,Aliqui MA-04,2190
Aliqui,Mix,All Season,Aliqui MA-05,2191
Aliqui,Mix,All Season,Aliqui MA-06,2192
Aliqui,Mix,All Season,Aliqui MA-07,2193
Aliqui,Mix,All Season,Aliqui MA-08,2194
Aliqui,Mix,All Season,Aliqui MA-09,2195
Aliqui,Mix,All Season,Aliqui MA-10,2196
Aliqui,Mix,All Season,Aliqui MA-11,2197
Aliqui,Mix,All Season,Aliqui MA-12,2198
Aliqui,Mix,All Season,Aliqui MA-13,2199
Aliqui,Mix,All Season,Aliqui MA-14,2200
Aliqui,Mix,All Season,Aliqui MA-15,2201
Aliqui,Mix,All Season,Aliqui MA-16,2202
Aliqui,Mix,All Season,Aliqui MA-17,2203
Abbas,Rural,Select,Abbas RS-01,68
Abbas,Rural,Select,Abbas RS-02,69
Abbas,Rural,Select,Abbas RS-03,70
Abbas,Rural,Select,Abbas RS-04,71
Abbas,Rural,Select,Abbas RS-05,72
Abbas,Rural,Select,Abbas RS-06,73
Contoso,Rural,Select,Maximus RS-01,394
Contoso,Rural,Select,Maximus RS-02,395
Natura,Rural,Select,Natura RS-01,797
Natura,Rural,Select,Natura RS-02,798
Natura,Rural,Select,Natura RS-03,799
Natura,Rural,Select,Natura RS-04,800
Natura,Rural,Select,Natura RS-05,801
Natura,Rural,Select,Natura RS-06,802
Natura,Rural,Select,Natura RS-07,803
Natura,Rural,Select,Natura RS-08,804
Natura,Rural,Select,Natura RS-09,805
Natura,Rural,Select,Natura RS-10,806
Natura,Rural,Select,Natura RS-11,807
Natura,Rural,Select,Natura RS-12,808
Natura,Rural,Select,Natura RS-13,809
Natura,Rural,Select,Natura RS-14,810
Natura,Rural,Select,Natura RS-15,811
Natura,Rural,Select,Natura RS-16,812
Natura,Rural,Select,Natura RS-17,813
Natura,Rural,Select,Natura RS-18,814
Natura,Rural,Select,Natura RS-19,815
Natura,Rural,Select,Natura RS-20,816
Pirum,Rural,Select,Pirum RS-01,1113
Pirum,Rural,Select,Pirum RS-02,1114
Pirum,Rural,Select,Pirum RS-03,1115
Pirum,Rural,Select,Pirum RS-04,1116
Pirum,Rural,Select,Pirum RS-05,1117
Pirum,Rural,Select,Pirum RS-06,1118
Pirum,Rural,Select,Pirum RS-07,1119
Pirum,Rural,Select,Pirum RS-08,1120
Pirum,Rural,Select,Pirum RS-09,1121
Pirum,Rural,Select,Pirum RS-10,1122
Pirum,Rural,Select,Pirum RS-11,1123
Pomum,Rural,Select,Pomum RS-01,1746
Pomum,Rural,Select,Pomum RS-02,1747
Pomum,Rural,Select,Pomum RS-03,1748
Currus,Rural,Select,Currus RS-01,1982
Currus,Rural,Select,Currus RS-02,1983
Currus,Rural,Select,Currus RS-03,1984
Currus,Rural,Select,Currus RS-04,1985
Currus,Rural,Select,Currus RS-05,1986
Currus,Rural,Select,Currus RS-06,1987
Currus,Rural,Select,Currus RS-07,1988
Currus,Rural,Select,Currus RS-08,1989
Currus,Rural,Select,Currus RS-09,1990
Currus,Rural,Select,Currus RS-10,1991
Currus,Rural,Select,Currus RS-11,1992
Currus,Rural,Select,Currus RS-12,1993
Aliqui,Rural,Select,Aliqui RS-01,2268
Aliqui,Rural,Select,Aliqui RS-02,2269
Aliqui,Rural,Select,Aliqui RS-03,2270
Aliqui,Rural,Select,Aliqui RS-04,2271
Aliqui,Rural,Select,Aliqui RS-05,2272
Aliqui,Rural,Select,Aliqui RS-06,2273
Aliqui,Rural,Select,Aliqui RS-07,2274
Aliqui,Rural,Select,Aliqui RS-08,2275
Aliqui,Rural,Select,Aliqui RS-09,2276
Aliqui,Rural,Select,Aliqui RS-10,2277
Aliqui,Rural,Select,Aliqui RS-11,2278
Aliqui,Rural,Select,Aliqui RS-12,2279
Aliqui,Rural,Select,Aliqui RS-13,2280
Aliqui,Rural,Select,Aliqui RS-14,2281
Aliqui,Rural,Select,Aliqui RS-15,2282
Aliqui,Rural,Select,Aliqui RS-16,2283
Aliqui,Rural,Select,Aliqui RS-17,2284
Aliqui,Rural,Select,Aliqui RS-18,2285
Abbas,Youth,Youth,Abbas YY-01,197
Abbas,Youth,Youth,Abbas YY-02,198
Natura,Youth,Youth,Natura YY-01,1000
Natura,Youth,Youth,Natura YY-02,1001
Natura,Youth,Youth,Natura YY-03,1002
Natura,Youth,Youth,Natura YY-04,1003
Natura,Youth,Youth,Natura YY-05,1004
Natura,Youth,Youth,Natura YY-06,1005
Natura,Youth,Youth,Natura YY-07,1006
Natura,Youth,Youth,Natura YY-08,1007
Natura,Youth,Youth,Natura YY-09,1008
Natura,Youth,Youth,Natura YY-10,1009
Natura,Youth,Youth,Natura YY-11,1010
Natura,Youth,Youth,Natura YY-12,1011
Natura,Youth,Youth,Natura YY-13,1012
Natura,Youth,Youth,Natura YY-14,1013
Natura,Youth,Youth,Natura YY-15,1014
Natura,Youth,Youth,Natura YY-16,1015
Natura,Youth,Youth,Natura YY-17,1016
Natura,Youth,Youth,Natura YY-18,1017
Natura,Youth,Youth,Natura YY-19,1018
Natura,Youth,Youth,Natura YY-20,1019
Natura,Youth,Youth,Natura YY-21,1020
Natura,Youth,Youth,Natura YY-22,1021
Natura,Youth,Youth,Natura YY-23,1022
Natura,Youth,Youth,Natura YY-24,1023
Natura,Youth,Youth,Natura YY-25,1024
Natura,Youth,Youth,Natura YY-26,1025
Natura,Youth,Youth,Natura YY-27,1026
Salvus,Youth,Youth,Salvus YY-01,1690
Salvus,Youth,Youth,Salvus YY-02,1691
Salvus,Youth,Youth,Salvus YY-03,1692
Salvus,Youth,Youth,Salvus YY-04,1693
Salvus,Youth,Youth,Salvus YY-05,1694
Salvus,Youth,Youth,Salvus YY-06,1695
Salvus,Youth,Youth,Salvus YY-07,1696
Salvus,Youth,Youth,Salvus YY-08,1697
Salvus,Youth,Youth,Salvus YY-09,1698
Salvus,Youth,Youth,Salvus YY-10,1699
Salvus,Youth,Youth,Salvus YY-11,1700
Salvus,Youth,Youth,Salvus YY-12,1701
Salvus,Youth,Youth,Salvus YY-13,1702
Salvus,Youth,Youth,Salvus YY-14,1703
Salvus,Youth,Youth,Salvus YY-15,1704
Salvus,Youth,Youth,Salvus YY-16,1705
Salvus,Youth,Youth,Salvus YY-17,1706
Salvus,Youth,Youth,Salvus YY-18,1707
Salvus,Youth,Youth,Salvus YY-19,1708
Salvus,Youth,Youth,Salvus YY-20,1709
Salvus,Youth,Youth,Salvus YY-21,1710
Salvus,Youth,Youth,Salvus YY-22,1711
Salvus,Youth,Youth,Salvus YY-23,1712
Salvus,Youth,Youth,Salvus YY-24,1713
Salvus,Youth,Youth,Salvus YY-25,1714
Salvus,Youth,Youth,Salvus YY-26,1715
Salvus,Youth,Youth,Salvus YY-27,1716
Salvus,Youth,Youth,Salvus YY-28,1717
Salvus,Youth,Youth,Salvus YY-29,1718
Salvus,Youth,Youth,Salvus YY-30,1719
Salvus,Youth,Youth,Salvus YY-31,1720
Salvus,Youth,Youth,Salvus YY-32,1721
Salvus,Youth,Youth,Salvus YY-33,1722
Salvus,Youth,Youth,Salvus YY-34,1723
Salvus,Youth,Youth,Salvus YY-35,1724
Salvus,Youth,Youth,Salvus YY-36,1725
Pomum,Youth,Youth,Pomum YY-01,1806
Pomum,Youth,Youth,Pomum YY-02,1807
Pomum,Youth,Youth,Pomum YY-03,1808
Pomum,Youth,Youth,Pomum YY-04,1809
Pomum,Youth,Youth,Pomum YY-05,1810
Pomum,Youth,Youth,Pomum YY-06,1811
Pomum,Youth,Youth,Pomum YY-07,1812
Pomum,Youth,Youth,Pomum YY-08,1813
Pomum,Youth,Youth,Pomum YY-09,1814
Pomum,Youth,Youth,Pomum YY-10,1815
Pomum,Youth,Youth,Pomum YY-11,1816
Pomum,Youth,Youth,Pomum YY-12,1817
Pomum,Youth,Youth,Pomum YY-13,1818
Pomum,Youth,Youth,Pomum YY-14,1819
Pomum,Youth,Youth,Pomum YY-15,1820
Pomum,Youth,Youth,Pomum YY-16,1821
Pomum,Youth,Youth,Pomum YY-17,1822
Pomum,Youth,Youth,Pomum YY-18,1823
Pomum,Youth,Youth,Pomum YY-19,1824
Pomum,Youth,Youth,Pomum YY-20,1825
Pomum,Youth,Youth,Pomum YY-21,1826
Pomum,Youth,Youth,Pomum YY-22,1827
Pomum,Youth,Youth,Pomum YY-23,1828
Pomum,Youth,Youth,Pomum YY-24,1829
Pomum,Youth,Youth,Pomum YY-25,1830
Pomum,Youth,Youth,Pomum YY-26,1831
Pomum,Youth,Youth,Pomum YY-27,1832
Pomum,Youth,Youth,Pomum YY-28,1833
Pomum,Youth,Youth,Pomum YY-29,1834
Pomum,Youth,Youth,Pomum YY-30,1835
Pomum,Youth,Youth,Pomum YY-31,1836
Pomum,Youth,Youth,Pomum YY-32,1837
Pomum,Youth,Youth,Pomum YY-33,1838
Pomum,Youth,Youth,Pomum YY-34,1839
Pomum,Youth,Youth,Pomum YY-35,1840
Pomum,Youth,Youth,Pomum YY-36,1841
Pomum,Youth,Youth,Pomum YY-37,1842
Pomum,Youth,Youth,Pomum YY-38,1843
Pomum,Youth,Youth,Pomum YY-39,1844
Pomum,Youth,Youth,Pomum YY-40,1845
Pomum,Youth,Youth,Pomum YY-41,1846
Pomum,Youth,Youth,Pomum YY-42,1847
Pomum,Youth,Youth,Pomum YY-43,1848
Pomum,Youth,Youth,Pomum YY-44,1849
Pomum,Youth,Youth,Pomum YY-45,1850
Pomum,Youth,Youth,Pomum YY-46,1851
Pomum,Youth,Youth,Pomum YY-47,1852
Pomum,Youth,Youth,Pomum YY-48,1853
Pomum,Youth,Youth,Pomum YY-49,1854
Pomum,Youth,Youth,Pomum YY-50,1855
Pomum,Youth,Youth,Pomum YY-51,1856
Pomum,Youth,Youth,Pomum YY-52,1857
Pomum,Youth,Youth,Pomum YY-53,1858
Pomum,Youth,Youth,Pomum YY-54,1859
Pomum,Youth,Youth,Pomum YY-55,1860
Pomum,Youth,Youth,Pomum YY-56,1861
Pomum,Youth,Youth,Pomum YY-57,1862
Currus,Youth,Youth,Currus YY-01,2097
Currus,Youth,Youth,Currus YY-02,2098
Currus,Youth,Youth,Currus YY-03,2099
Currus,Youth,Youth,Currus YY-04,2100
Currus,Youth,Youth,Currus YY-05,2101
Aliqui,Youth,Youth,Aliqui YY-01,2392
Aliqui,Youth,Youth,Aliqui YY-02,2393
Aliqui,Youth,Youth,Aliqui YY-03,2394
Aliqui,Youth,Youth,Aliqui YY-04,2395
Aliqui,Youth,Youth,Aliqui YY-05,2396
Aliqui,Youth,Youth,Aliqui YY-06,2397
Aliqui,Youth,Youth,Aliqui YY-07,2398
Aliqui,Youth,Youth,Aliqui YY-08,2399
Aliqui,Youth,Youth,Aliqui YY-09,2400
Aliqui,Youth,Youth,Aliqui YY-10,2401
Aliqui,Youth,Youth,Aliqui YY-11,2402
Aliqui,Youth,Youth,Aliqui YY-12,2403
Aliqui,Youth,Youth,Aliqui YY-13,2404
Aliqui,Youth,Youth,Aliqui YY-14,2405
Aliqui,Youth,Youth,Aliqui YY-15,2406
Aliqui,Youth,Youth,Aliqui YY-16,2407
Aliqui,Youth,Youth,Aliqui YY-17,2408
Aliqui,Youth,Youth,Aliqui YY-18,2409
Aliqui,Youth,Youth,Aliqui YY-19,2410
Aliqui,Youth,Youth,Aliqui YY-20,2411
Aliqui,Youth,Youth,Aliqui YY-21,2412
Quibus,Rural,Select,Quibus RS-01,1563
Quibus,Rural,Select,Quibus RS-02,1564
Quibus,Rural,Select,Quibus RS-03,1565
Quibus,Rural,Select,Quibus RS-04,1566
Quibus,Rural,Select,Quibus RS-05,1567
Quibus,Rural,Select,Quibus RS-06,1568
Quibus,Rural,Select,Quibus RS-07,1569
Quibus,Rural,Select,Quibus RS-08,1570
Quibus,Rural,Select,Quibus RS-09,1571
Quibus,Rural,Select,Quibus RS-10,1572
Quibus,Rural,Select,Quibus RS-11,1573
Quibus,Rural,Select,Quibus RS-12,1574
Quibus,Rural,Select,Quibus RS-13,1575
Quibus,Rural,Select,Quibus RS-14,1576
Quibus,Rural,Select,Quibus RS-15,1577
Quibus,Rural,Select,Quibus RS-16,1578
Quibus,Rural,Select,Quibus RS-17,1579
Quibus,Rural,Select,Quibus RS-18,1580
Quibus,Rural,Select,Quibus RS-19,1581
Quibus,Rural,Select,Quibus RS-20,1582
Quibus,Rural,Select,Quibus RS-21,1583
Quibus,Rural,Select,Quibus RS-22,1584
Quibus,Rural,Select,Quibus RS-23,1585
Quibus,Rural,Select,Quibus RS-24,1586
Quibus,Rural,Select,Quibus RS-25,1587
Quibus,Rural,Select,Quibus RS-26,1588
Quibus,Rural,Select,Quibus RS-27,1589
Quibus,Rural,Select,Quibus RS-28,1590
Quibus,Rural,Select,Quibus RS-29,1591
Quibus,Rural,Select,Quibus RS-30,1592
Quibus,Rural,Select,Quibus RS-31,1593
Quibus,Rural,Select,Quibus RS-32,1594
Quibus,Rural,Select,Quibus RS-33,1595
Quibus,Rural,Select,Quibus RS-34,1596
Quibus,Rural,Select,Quibus RS-35,1597
Quibus,Rural,Select,Quibus RS-36,1598
Quibus,Rural,Select,Quibus RS-37,1599
Quibus,Rural,Select,Quibus RS-38,1600
Quibus,Rural,Select,Quibus RS-39,1601
Quibus,Rural,Select,Quibus RS-40,1602
Quibus,Rural,Select,Quibus RS-41,1603
Quibus,Rural,Select,Quibus RS-42,1604
Quibus,Rural,Select,Quibus RS-43,1605
Quibus,Rural,Select,Quibus RS-44,1606
Quibus,Rural,Select,Quibus RS-45,1607
Quibus,Rural,Select,Quibus RS-46,1608
Quibus,Rural,Select,Quibus RS-47,1609
Quibus,Rural,Select,Quibus RS-48,1610
Quibus,Rural,Select,Quibus RS-49,1611
Quibus,Rural,Select,Quibus RS-50,1612
Quibus,Rural,Select,Quibus RS-51,1613
Quibus,Rural,Select,Quibus RS-52,1614
Quibus,Rural,Select,Quibus RS-53,1615
Quibus,Rural,Select,Quibus RS-54,1616
Quibus,Rural,Select,Quibus RS-55,1617
Quibus,Rural,Select,Quibus RS-56,1618
Quibus,Rural,Select,Quibus RS-57,1619
Quibus,Rural,Select,Quibus RS-58,1620
Quibus,Rural,Select,Quibus RS-59,1621
Quibus,Rural,Select,Quibus RS-60,1622
Quibus,Rural,Select,Quibus RS-61,1623
Quibus,Rural,Select,Quibus RS-62,1624
Quibus,Rural,Select,Quibus RS-63,1625
Quibus,Rural,Select,Quibus RS-64,1626
Quibus,Rural,Select,Quibus RS-65,1627
Quibus,Rural,Select,Quibus RS-66,1628
Quibus,Rural,Select,Quibus RS-67,1629
Quibus,Rural,Select,Quibus RS-68,1630
Quibus,Rural,Select,Quibus RS-69,1631
Quibus,Rural,Select,Quibus RS-70,1632
Quibus,Rural,Select,Quibus RS-71,1633
Quibus,Rural,Select,Quibus RS-72,1634
Quibus,Rural,Select,Quibus RS-73,1635
Quibus,Rural,Select,Quibus RS-74,1636
Quibus,Rural,Select,Quibus RS-75,1637
Quibus,Rural,Select,Quibus RS-76,1638
Quibus,Rural,Select,Quibus RS-77,1639
Quibus,Rural,Select,Quibus RS-78,1640
Quibus,Rural,Select,Quibus RS-79,1641
Quibus,Rural,Select,Quibus RS-80,1642
Quibus,Rural,Select,Quibus RS-81,1643
Quibus,Rural,Select,Quibus RS-82,1644
Quibus,Rural,Select,Quibus RS-83,1645
Quibus,Rural,Select,Quibus RS-84,1646
Quibus,Rural,Select,Quibus RS-85,1647
Quibus,Rural,Select,Quibus RS-86,1648
Quibus,Rural,Select,Quibus RS-87,1649
Quibus,Rural,Select,Quibus RS-88,1650
Quibus,Rural,Select,Quibus RS-89,1651
Quibus,Rural,Select,Quibus RS-90,1652
Quibus,Rural,Select,Quibus RS-91,1653
Quibus,Rural,Select,Quibus RS-92,1654
Quibus,Rural,Select,Quibus RS-93,1655
Quibus,Rural,Select,Quibus RS-94,1656
Quibus,Rural,Select,Quibus RS-95,1657
Quibus,Rural,Select,Quibus RS-96,1658
Quibus,Rural,Select,Quibus RS-97,1659
Quibus,Rural,Select,Quibus RS-98,1660
Quibus,Rural,Select,Quibus RS-99,1661
Quibus,Rural,Select,Quibus RS-00,1662
Quibus,Rural,Select,Quibus RS-01,1663
Quibus,Rural,Select,Quibus RS-02,1664
Quibus,Rural,Select,Quibus RS-03,1665
Quibus,Rural,Select,Quibus RS-04,1666
Quibus,Rural,Select,Quibus RS-05,1667
Quibus,Mix,All Season,Quibus MA-01,1265
Quibus,Mix,All Season,Quibus MA-02,1266
Quibus,Mix,All Season,Quibus MA-03,1267
Quibus,Mix,All Season,Quibus MA-04,1268
Quibus,Mix,All Season,Quibus MA-05,1269
Quibus,Mix,All Season,Quibus MA-06,1270
Quibus,Mix,All Season,Quibus MA-07,1271
Quibus,Mix,All Season,Quibus MA-08,1272
Quibus,Mix,All Season,Quibus MA-09,1273
Quibus,Mix,All Season,Quibus MA-10,1274
Quibus,Mix,All Season,Quibus MA-11,1275
Quibus,Mix,All Season,Quibus MA-12,1276
Quibus,Mix,All Season,Quibus MA-13,1277
Quibus,Mix,All Season,Quibus MA-14,1278
Quibus,Mix,All Season,Quibus MA-15,1279
Quibus,Mix,All Season,Quibus MA-16,1280
Quibus,Mix,All Season,Quibus MA-17,1281
Quibus,Mix,All Season,Quibus MA-18,1282
Quibus,Mix,All Season,Quibus MA-19,1283
Quibus,Mix,All Season,Quibus MA-20,1284
Quibus,Mix,All Season,Quibus MA-21,1285
Quibus,Mix,All Season,Quibus MA-22,1286
Quibus,Mix,All Season,Quibus MA-23,1287
Quibus,Mix,All Season,Quibus MA-24,1288
Quibus,Mix,All Season,Quibus MA-25,1289
Quibus,Mix,All Season,Quibus MA-26,1290
Quibus,Mix,All Season,Quibus MA-27,1291
Quibus,Mix,All Season,Quibus MA-28,1292
Quibus,Mix,All Season,Quibus MA-29,1293
Quibus,Mix,All Season,Quibus MA-30,1294
Quibus,Mix,All Season,Quibus MA-31,1295
Quibus,Mix,All Season,Quibus MA-32,1296
Quibus,Mix,All Season,Quibus MA-33,1297
Quibus,Mix,All Season,Quibus MA-34,1298
Quibus,Mix,All Season,Quibus MA-35,1299
Quibus,Mix,All Season,Quibus MA-36,1300
Quibus,Mix,All Season,Quibus MA-37,1301
Quibus,Mix,All Season,Quibus MA-38,1302
Quibus,Mix,All Season,Quibus MA-39,1303
Quibus,Mix,All Season,Quibus MA-40,1304
Quibus,Mix,All Season,Quibus MA-41,1305
Quibus,Mix,All Season,Quibus MA-42,1306
Quibus,Mix,All Season,Quibus MA-43,1307
Quibus,Mix,All Season,Quibus MA-44,1308
Natura,Rural,Productivity,Natura RP-01,713
Natura,Rural,Productivity,Natura RP-02,714
Natura,Rural,Productivity,Natura RP-03,715
Natura,Rural,Productivity,Natura RP-04,716
Natura,Rural,Productivity,Natura RP-05,717
Natura,Rural,Productivity,Natura RP-06,718
Natura,Rural,Productivity,Natura RP-07,719
Natura,Rural,Productivity,Natura RP-08,720
Natura,Rural,Productivity,Natura RP-09,721
Natura,Rural,Productivity,Natura RP-10,722
Natura,Rural,Productivity,Natura RP-11,723
Natura,Rural,Productivity,Natura RP-12,724
Natura,Rural,Productivity,Natura RP-13,725
Natura,Rural,Productivity,Natura RP-14,726
Natura,Rural,Productivity,Natura RP-15,727
Natura,Rural,Productivity,Natura RP-16,728
Natura,Rural,Productivity,Natura RP-17,729
Natura,Rural,Productivity,Natura RP-18,730
Natura,Rural,Productivity,Natura RP-19,731
Natura,Rural,Productivity,Natura RP-20,732
Natura,Rural,Productivity,Natura RP-21,733
Natura,Rural,Productivity,Natura RP-22,734
Natura,Rural,Productivity,Natura RP-23,735
Natura,Rural,Productivity,Natura RP-24,736
Natura,Rural,Productivity,Natura RP-25,737
Natura,Rural,Productivity,Natura RP-26,738
Natura,Rural,Productivity,Natura RP-27,739
Natura,Rural,Productivity,Natura RP-28,740
Natura,Rural,Productivity,Natura RP-29,741
Natura,Rural,Productivity,Natura RP-30,742
Natura,Rural,Productivity,Natura RP-31,743
Natura,Rural,Productivity,Natura RP-32,744
Natura,Rural,Productivity,Natura RP-33,745
Natura,Rural,Productivity,Natura RP-34,746
Natura,Rural,Productivity,Natura RP-35,747
Natura,Rural,Productivity,Natura RP-36,748
Natura,Rural,Productivity,Natura RP-37,749
Natura,Rural,Productivity,Natura RP-38,750
Natura,Rural,Productivity,Natura RP-39,751
Natura,Rural,Productivity,Natura RP-40,752
Natura,Rural,Productivity,Natura RP-41,753
Natura,Rural,Productivity,Natura RP-42,754
Natura,Rural,Productivity,Natura RP-43,755
Natura,Rural,Productivity,Natura RP-44,756
Natura,Rural,Productivity,Natura RP-45,757
Natura,Rural,Productivity,Natura RP-46,758
Natura,Rural,Productivity,Natura RP-47,759
Natura,Rural,Productivity,Natura RP-48,760
Natura,Rural,Productivity,Natura RP-49,761
Natura,Rural,Productivity,Natura RP-50,762
Natura,Rural,Productivity,Natura RP-51,763
Natura,Rural,Productivity,Natura RP-52,764
Natura,Rural,Productivity,Natura RP-53,765
Natura,Rural,Productivity,Natura RP-54,766
Natura,Rural,Productivity,Natura RP-55,767
Natura,Rural,Productivity,Natura RP-56,768
Natura,Rural,Productivity,Natura RP-57,769
Natura,Rural,Productivity,Natura RP-58,770
Natura,Rural,Productivity,Natura RP-59,771
Natura,Rural,Productivity,Natura RP-60,772
Natura,Rural,Productivity,Natura RP-61,773
Natura,Rural,Productivity,Natura RP-62,774
Natura,Rural,Productivity,Natura RP-63,775
Natura,Rural,Productivity,Natura RP-64,776
Natura,Rural,Productivity,Natura RP-65,777
Natura,Rural,Productivity,Natura RP-66,778
Natura,Rural,Productivity,Natura RP-67,779
Natura,Rural,Productivity,Natura RP-68,780
Natura,Rural,Productivity,Natura RP-69,781
Natura,Rural,Productivity,Natura RP-70,782
Natura,Rural,Productivity,Natura RP-71,783
Natura,Rural,Productivity,Natura RP-72,784
Natura,Rural,Productivity,Natura RP-73,785
Natura,Rural,Productivity,Natura RP-74,786
Natura,Rural,Productivity,Natura RP-75,787
Natura,Rural,Productivity,Natura RP-76,788
Natura,Rural,Productivity,Natura RP-77,789
Natura,Rural,Productivity,Natura RP-78,790
Natura,Rural,Productivity,Natura RP-79,791
Natura,Rural,Productivity,Natura RP-80,792
Natura,Rural,Productivity,Natura RP-81,793
Natura,Rural,Productivity,Natura RP-82,794
Natura,Rural,Productivity,Natura RP-83,795
Natura,Rural,Productivity,Natura RP-84,796
Aliqui,Rural,Productivity,Aliqui RP-01,2204
Aliqui,Rural,Productivity,Aliqui RP-02,2205
Aliqui,Rural,Productivity,Aliqui RP-03,2206
Aliqui,Rural,Productivity,Aliqui RP-04,2207
Aliqui,Rural,Productivity,Aliqui RP-05,2208
Aliqui,Rural,Productivity,Aliqui RP-06,2209
Aliqui,Rural,Productivity,Aliqui RP-07,2210
Aliqui,Rural,Productivity,Aliqui RP-08,2211
Aliqui,Rural,Productivity,Aliqui RP-09,2212
Aliqui,Rural,Productivity,Aliqui RP-10,2213
Aliqui,Rural,Productivity,Aliqui RP-11,2214
Aliqui,Rural,Productivity,Aliqui RP-12,2215
Aliqui,Rural,Productivity,Aliqui RP-13,2216
Aliqui,Rural,Productivity,Aliqui RP-14,2217
Aliqui,Rural,Productivity,Aliqui RP-15,2218
Aliqui,Rural,Productivity,Aliqui RP-16,2219
Aliqui,Rural,Productivity,Aliqui RP-17,2220
Aliqui,Rural,Productivity,Aliqui RP-18,2221
Aliqui,Rural,Productivity,Aliqui RP-19,2222
Aliqui,Rural,Productivity,Aliqui RP-20,2223
Aliqui,Rural,Productivity,Aliqui RP-21,2224
Aliqui,Rural,Productivity,Aliqui RP-22,2225
Aliqui,Rural,Productivity,Aliqui RP-23,2226
Aliqui,Rural,Productivity,Aliqui RP-24,2227
Aliqui,Rural,Productivity,Aliqui RP-25,2228
Aliqui,Rural,Productivity,Aliqui RP-26,2229
Aliqui,Rural,Productivity,Aliqui RP-27,2230
Aliqui,Rural,Productivity,Aliqui RP-28,2231
Aliqui,Rural,Productivity,Aliqui RP-29,2232
Aliqui,Rural,Productivity,Aliqui RP-30,2233
Aliqui,Rural,Productivity,Aliqui RP-31,2234
Aliqui,Rural,Productivity,Aliqui RP-32,2235
Aliqui,Rural,Productivity,Aliqui RP-33,2236
Aliqui,Rural,Productivity,Aliqui RP-34,2237
Aliqui,Rural,Productivity,Aliqui RP-35,2238
Aliqui,Rural,Productivity,Aliqui RP-36,2239
Aliqui,Rural,Productivity,Aliqui RP-37,2240
Aliqui,Rural,Productivity,Aliqui RP-38,2241
Aliqui,Rural,Productivity,Aliqui RP-39,2242
Aliqui,Rural,Productivity,Aliqui RP-40,2243
Aliqui,Rural,Productivity,Aliqui RP-41,2244
Aliqui,Rural,Productivity,Aliqui RP-42,2245
Aliqui,Rural,Productivity,Aliqui RP-43,2246
Aliqui,Rural,Productivity,Aliqui RP-44,2247
Aliqui,Rural,Productivity,Aliqui RP-45,2248
Aliqui,Rural,Productivity,Aliqui RP-46,2249
Aliqui,Rural,Productivity,Aliqui RP-47,2250
Aliqui,Rural,Productivity,Aliqui RP-48,2251
Aliqui,Rural,Productivity,Aliqui RP-49,2252
Aliqui,Rural,Productivity,Aliqui RP-50,2253
Aliqui,Rural,Productivity,Aliqui RP-51,2254
Aliqui,Rural,Productivity,Aliqui RP-52,2255
Aliqui,Rural,Productivity,Aliqui RP-53,2256
Aliqui,Rural,Productivity,Aliqui RP-54,2257
Aliqui,Rural,Productivity,Aliqui RP-55,2258
Aliqui,Rural,Productivity,Aliqui RP-56,2259
Aliqui,Rural,Productivity,Aliqui RP-57,2260
Aliqui,Rural,Productivity,Aliqui RP-58,2261
Aliqui,Rural,Productivity,Aliqui RP-59,2262
Aliqui,Rural,Productivity,Aliqui RP-60,2263
Aliqui,Rural,Productivity,Aliqui RP-61,2264
Aliqui,Rural,Productivity,Aliqui RP-62,2265
Aliqui,Rural,Productivity,Aliqui RP-63,2266
Aliqui,Rural,Productivity,Aliqui RP-64,2267
Abbas,Rural,Productivity,Abbas RP-01,46
Abbas,Rural,Productivity,Abbas RP-02,47
Abbas,Rural,Productivity,Abbas RP-03,48
Abbas,Rural,Productivity,Abbas RP-04,49
Abbas,Rural,Productivity,Abbas RP-05,50
Abbas,Rural,Productivity,Abbas RP-06,51
Abbas,Rural,Productivity,Abbas RP-07,52
Abbas,Rural,Productivity,Abbas RP-08,53
Abbas,Rural,Productivity,Abbas RP-09,54
Abbas,Rural,Productivity,Abbas RP-10,55
Abbas,Rural,Productivity,Abbas RP-11,56
Abbas,Rural,Productivity,Abbas RP-12,57
Abbas,Rural,Productivity,Abbas RP-13,58
Abbas,Rural,Productivity,Abbas RP-14,59
Abbas,Rural,Productivity,Abbas RP-15,60
Abbas,Rural,Productivity,Abbas RP-16,61
Abbas,Rural,Productivity,Abbas RP-17,62
Abbas,Rural,Productivity,Abbas RP-18,63
Abbas,Rural,Productivity,Abbas RP-19,64
Abbas,Rural,Productivity,Abbas RP-20,65
Abbas,Rural,Productivity,Abbas RP-21,66
Abbas,Rural,Productivity,Abbas RP-22,67
Fama,Rural,Productivity,Fama RP-01,213
Fama,Rural,Productivity,Fama RP-02,214
Fama,Rural,Productivity,Fama RP-03,215
Fama,Rural,Productivity,Fama RP-04,216
Fama,Rural,Productivity,Fama RP-05,217
Fama,Rural,Productivity,Fama RP-06,218
Fama,Rural,Productivity,Fama RP-07,219
Fama,Rural,Productivity,Fama RP-08,220
Fama,Rural,Productivity,Fama RP-09,221
Fama,Rural,Productivity,Fama RP-10,222
Contoso,Rural,Productivity,Maximus RP-01,392
Contoso,Rural,Productivity,Maximus RP-02,393
Pirum,Rural,Productivity,Pirum RP-01,1055
Pirum,Rural,Productivity,Pirum RP-02,1056
Pirum,Rural,Productivity,Pirum RP-03,1057
Pirum,Rural,Productivity,Pirum RP-04,1058
Pirum,Rural,Productivity,Pirum RP-05,1059
Pirum,Rural,Productivity,Pirum RP-06,1060
Pirum,Rural,Productivity,Pirum RP-07,1061
Pirum,Rural,Productivity,Pirum RP-08,1062
Pirum,Rural,Productivity,Pirum RP-09,1063
Pirum,Rural,Productivity,Pirum RP-10,1064
Pirum,Rural,Productivity,Pirum RP-11,1065
Pirum,Rural,Productivity,Pirum RP-12,1066
Pirum,Rural,Productivity,Pirum RP-13,1067
Pirum,Rural,Productivity,Pirum RP-14,1068
Pirum,Rural,Productivity,Pirum RP-15,1069
Pirum,Rural,Productivity,Pirum RP-16,1070
Pirum,Rural,Productivity,Pirum RP-17,1071
Pirum,Rural,Productivity,Pirum RP-18,1072
Pirum,Rural,Productivity,Pirum RP-19,1073
Pirum,Rural,Productivity,Pirum RP-20,1074
Pirum,Rural,Productivity,Pirum RP-21,1075
Pirum,Rural,Productivity,Pirum RP-22,1076
Pirum,Rural,Productivity,Pirum RP-23,1077
Pirum,Rural,Productivity,Pirum RP-24,1078
Pirum,Rural,Productivity,Pirum RP-25,1079
Pirum,Rural,Productivity,Pirum RP-26,1080
Pirum,Rural,Productivity,Pirum RP-27,1081
Pirum,Rural,Productivity,Pirum RP-28,1082
Pirum,Rural,Productivity,Pirum RP-29,1083
Pirum,Rural,Productivity,Pirum RP-30,1084
Pirum,Rural,Productivity,Pirum RP-31,1085
Pirum,Rural,Productivity,Pirum RP-32,1086
Pirum,Rural,Productivity,Pirum RP-33,1087
Pirum,Rural,Productivity,Pirum RP-34,1088
Pirum,Rural,Productivity,Pirum RP-35,1089
Pirum,Rural,Productivity,Pirum RP-36,1090
Pirum,Rural,Productivity,Pirum RP-37,1091
Pirum,Rural,Productivity,Pirum RP-38,1092
Pirum,Rural,Productivity,Pirum RP-39,1093
Pirum,Rural,Productivity,Pirum RP-40,1094
Pirum,Rural,Productivity,Pirum RP-41,1095
Pirum,Rural,Productivity,Pirum RP-42,1096
Pirum,Rural,Productivity,Pirum RP-43,1097
Pirum,Rural,Productivity,Pirum RP-44,1098
Pirum,Rural,Productivity,Pirum RP-45,1099
Pirum,Rural,Productivity,Pirum RP-46,1100
Pirum,Rural,Productivity,Pirum RP-47,1101
Pirum,Rural,Productivity,Pirum RP-48,1102
Pirum,Rural,Productivity,Pirum RP-49,1103
Pirum,Rural,Productivity,Pirum RP-50,1104
Pirum,Rural,Productivity,Pirum RP-51,1105
Pirum,Rural,Productivity,Pirum RP-52,1106
Pirum,Rural,Productivity,Pirum RP-53,1107
Pirum,Rural,Productivity,Pirum RP-54,1108
Pirum,Rural,Productivity,Pirum RP-55,1109
Pirum,Rural,Productivity,Pirum RP-56,1110
Pirum,Rural,Productivity,Pirum RP-57,1111
Pirum,Rural,Productivity,Pirum RP-58,1112
Pomum,Rural,Productivity,Pomum RP-01,1732
Pomum,Rural,Productivity,Pomum RP-02,1733
Pomum,Rural,Productivity,Pomum RP-03,1734
Pomum,Rural,Productivity,Pomum RP-04,1735
Pomum,Rural,Productivity,Pomum RP-05,1736
Pomum,Rural,Productivity,Pomum RP-06,1737
Pomum,Rural,Productivity,Pomum RP-07,1738
Pomum,Rural,Productivity,Pomum RP-08,1739
Pomum,Rural,Productivity,Pomum RP-09,1740
Pomum,Rural,Productivity,Pomum RP-10,1741
Pomum,Rural,Productivity,Pomum RP-11,1742
Pomum,Rural,Productivity,Pomum RP-12,1743
Pomum,Rural,Productivity,Pomum RP-13,1744
Pomum,Rural,Productivity,Pomum RP-14,1745
Currus,Rural,Productivity,Currus RP-01,1926
Currus,Rural,Productivity,Currus RP-02,1927
Currus,Rural,Productivity,Currus RP-03,1928
Currus,Rural,Productivity,Currus RP-04,1929
Currus,Rural,Productivity,Currus RP-05,1930
Currus,Rural,Productivity,Currus RP-06,1931
Currus,Rural,Productivity,Currus RP-07,1932
Currus,Rural,Productivity,Currus RP-08,1933
Currus,Rural,Productivity,Currus RP-09,1934
Currus,Rural,Productivity,Currus RP-10,1935
Currus,Rural,Productivity,Currus RP-11,1936
Currus,Rural,Productivity,Currus RP-12,1937
Currus,Rural,Productivity,Currus RP-13,1938
Currus,Rural,Productivity,Currus RP-14,1939
Currus,Rural,Productivity,Currus RP-15,1940
Currus,Rural,Productivity,Currus RP-16,1941
Currus,Rural,Productivity,Currus RP-17,1942
Currus,Rural,Productivity,Currus RP-18,1943
Currus,Rural,Productivity,Currus RP-19,1944
Currus,Rural,Productivity,Currus RP-20,1945
Currus,Rural,Productivity,Currus RP-21,1946
Currus,Rural,Productivity,Currus RP-22,1947
Currus,Rural,Productivity,Currus RP-23,1948
Currus,Rural,Productivity,Currus RP-24,1949
Currus,Rural,Productivity,Currus RP-25,1950
Currus,Rural,Productivity,Currus RP-26,1951
Currus,Rural,Productivity,Currus RP-27,1952
Currus,Rural,Productivity,Currus RP-28,1953
Currus,Rural,Productivity,Currus RP-29,1954
Currus,Rural,Productivity,Currus RP-30,1955
Currus,Rural,Productivity,Currus RP-31,1956
Currus,Rural,Productivity,Currus RP-32,1957
Currus,Rural,Productivity,Currus RP-33,1958
Currus,Rural,Productivity,Currus RP-34,1959
Currus,Rural,Productivity,Currus RP-35,1960
Currus,Rural,Productivity,Currus RP-36,1961
Currus,Rural,Productivity,Currus RP-37,1962
Currus,Rural,Productivity,Currus RP-38,1963
Currus,Rural,Productivity,Currus RP-39,1964
Currus,Rural,Productivity,Currus RP-40,1965
Currus,Rural,Productivity,Currus RP-41,1966
Currus,Rural,Productivity,Currus RP-42,1967
Currus,Rural,Productivity,Currus RP-43,1968
Currus,Rural,Productivity,Currus RP-44,1969
Currus,Rural,Productivity,Currus RP-45,1970
Currus,Rural,Productivity,Currus RP-46,1971
Currus,Rural,Productivity,Currus RP-47,1972
Currus,Rural,Productivity,Currus RP-48,1973
Currus,Rural,Productivity,Currus RP-49,1974
Currus,Rural,Productivity,Currus RP-50,1975
Currus,Rural,Productivity,Currus RP-51,1976
Currus,Rural,Productivity,Currus RP-52,1977
Currus,Rural,Productivity,Currus RP-53,1978
Currus,Rural,Productivity,Currus RP-54,1979
Currus,Rural,Productivity,Currus RP-55,1980
Currus,Rural,Productivity,Currus RP-56,1981
Victoria,Rural,Productivity,Victoria RP-01,2108
Victoria,Rural,Productivity,Victoria RP-02,2109
Quibus,Rural,Productivity,Quibus RP-01,1309
Quibus,Rural,Productivity,Quibus RP-02,1310
Quibus,Rural,Productivity,Quibus RP-03,1311
Quibus,Rural,Productivity,Quibus RP-04,1312
Quibus,Rural,Productivity,Quibus RP-05,1313
Quibus,Rural,Productivity,Quibus RP-06,1314
Quibus,Rural,Productivity,Quibus RP-07,1315
Quibus,Rural,Productivity,Quibus RP-08,1316
Quibus,Rural,Productivity,Quibus RP-09,1317
Quibus,Rural,Productivity,Quibus RP-10,1318
Quibus,Rural,Productivity,Quibus RP-11,1319
Quibus,Rural,Productivity,Quibus RP-12,1320
Quibus,Rural,Productivity,Quibus RP-13,1321
Quibus,Rural,Productivity,Quibus RP-14,1322
Quibus,Rural,Productivity,Quibus RP-15,1323
Quibus,Rural,Productivity,Quibus RP-16,1324
Quibus,Rural,Productivity,Quibus RP-17,1325
Quibus,Rural,Productivity,Quibus RP-18,1326
Quibus,Rural,Productivity,Quibus RP-19,1327
Quibus,Rural,Productivity,Quibus RP-20,1328
Quibus,Rural,Productivity,Quibus RP-21,1329
Quibus,Rural,Productivity,Quibus RP-22,1330
Quibus,Rural,Productivity,Quibus RP-23,1331
Quibus,Rural,Productivity,Quibus RP-24,1332
Quibus,Rural,Productivity,Quibus RP-25,1333
Quibus,Rural,Productivity,Quibus RP-26,1334
Quibus,Rural,Productivity,Quibus RP-27,1335
Quibus,Rural,Productivity,Quibus RP-28,1336
Quibus,Rural,Productivity,Quibus RP-29,1337
Quibus,Rural,Productivity,Quibus RP-30,1338
Quibus,Rural,Productivity,Quibus RP-31,1339
Quibus,Rural,Productivity,Quibus RP-32,1340
Quibus,Rural,Productivity,Quibus RP-33,1341
Quibus,Rural,Productivity,Quibus RP-34,1342
Quibus,Rural,Productivity,Quibus RP-35,1343
Quibus,Rural,Productivity,Quibus RP-36,1344
Quibus,Rural,Productivity,Quibus RP-37,1345
Quibus,Rural,Productivity,Quibus RP-38,1346
Quibus,Rural,Productivity,Quibus RP-39,1347
Quibus,Rural,Productivity,Quibus RP-40,1348
Quibus,Rural,Productivity,Quibus RP-41,1349
Quibus,Rural,Productivity,Quibus RP-42,1350
Quibus,Rural,Productivity,Quibus RP-43,1351
Quibus,Rural,Productivity,Quibus RP-44,1352
Quibus,Rural,Productivity,Quibus RP-45,1353
Quibus,Rural,Productivity,Quibus RP-46,1354
Quibus,Rural,Productivity,Quibus RP-47,1355
Quibus,Rural,Productivity,Quibus RP-48,1356
Quibus,Rural,Productivity,Quibus RP-49,1357
Quibus,Rural,Productivity,Quibus RP-50,1358
Quibus,Rural,Productivity,Quibus RP-51,1359
Quibus,Rural,Productivity,Quibus RP-52,1360
Quibus,Rural,Productivity,Quibus RP-53,1361
Quibus,Rural,Productivity,Quibus RP-54,1362
Quibus,Rural,Productivity,Quibus RP-55,1363
Quibus,Rural,Productivity,Quibus RP-56,1364
Quibus,Rural,Productivity,Quibus RP-57,1365
Quibus,Rural,Productivity,Quibus RP-58,1366
Quibus,Rural,Productivity,Quibus RP-59,1367
Quibus,Rural,Productivity,Quibus RP-60,1368
Quibus,Rural,Productivity,Quibus RP-61,1369
Quibus,Rural,Productivity,Quibus RP-62,1370
Quibus,Rural,Productivity,Quibus RP-63,1371
Quibus,Rural,Productivity,Quibus RP-64,1372
Quibus,Rural,Productivity,Quibus RP-65,1373
Quibus,Rural,Productivity,Quibus RP-66,1374
Quibus,Rural,Productivity,Quibus RP-67,1375
Quibus,Rural,Productivity,Quibus RP-68,1376
Quibus,Rural,Productivity,Quibus RP-69,1377
Quibus,Rural,Productivity,Quibus RP-70,1378
Quibus,Rural,Productivity,Quibus RP-71,1379
Quibus,Rural,Productivity,Quibus RP-72,1380
Quibus,Rural,Productivity,Quibus RP-73,1381
Quibus,Rural,Productivity,Quibus RP-74,1382
Quibus,Rural,Productivity,Quibus RP-75,1383
Quibus,Rural,Productivity,Quibus RP-76,1384
Quibus,Rural,Productivity,Quibus RP-77,1385
Quibus,Rural,Productivity,Quibus RP-78,1386
Quibus,Rural,Productivity,Quibus RP-79,1387
Quibus,Rural,Productivity,Quibus RP-80,1388
Quibus,Rural,Productivity,Quibus RP-81,1389
Quibus,Rural,Productivity,Quibus RP-82,1390
Quibus,Rural,Productivity,Quibus RP-83,1391
Quibus,Rural,Productivity,Quibus RP-84,1392
Quibus,Rural,Productivity,Quibus RP-85,1393
Quibus,Rural,Productivity,Quibus RP-86,1394
Quibus,Rural,Productivity,Quibus RP-87,1395
Quibus,Rural,Productivity,Quibus RP-88,1396
Quibus,Rural,Productivity,Quibus RP-89,1397
Quibus,Rural,Productivity,Quibus RP-90,1398
Quibus,Rural,Productivity,Quibus RP-91,1399
Quibus,Rural,Productivity,Quibus RP-92,1400
Quibus,Rural,Productivity,Quibus RP-93,1401
Quibus,Rural,Productivity,Quibus RP-94,1402
Quibus,Rural,Productivity,Quibus RP-95,1403
Quibus,Rural,Productivity,Quibus RP-96,1404
Quibus,Rural,Productivity,Quibus RP-97,1405
Quibus,Rural,Productivity,Quibus RP-98,1406
Quibus,Rural,Productivity,Quibus RP-99,1407
Quibus,Rural,Productivity,Quibus RP-00,1408
Quibus,Rural,Productivity,Quibus RP-01,1409
Quibus,Rural,Productivity,Quibus RP-02,1410
Quibus,Rural,Productivity,Quibus RP-03,1411
Quibus,Rural,Productivity,Quibus RP-04,1412
Quibus,Rural,Productivity,Quibus RP-05,1413
Quibus,Rural,Productivity,Quibus RP-06,1414
Quibus,Rural,Productivity,Quibus RP-07,1415
Quibus,Rural,Productivity,Quibus RP-08,1416
Quibus,Rural,Productivity,Quibus RP-09,1417
Quibus,Rural,Productivity,Quibus RP-10,1418
Quibus,Rural,Productivity,Quibus RP-11,1419
Quibus,Rural,Productivity,Quibus RP-12,1420
Quibus,Rural,Productivity,Quibus RP-13,1421
Quibus,Rural,Productivity,Quibus RP-14,1422
Quibus,Rural,Productivity,Quibus RP-15,1423
Quibus,Rural,Productivity,Quibus RP-16,1424
Quibus,Rural,Productivity,Quibus RP-17,1425
Quibus,Rural,Productivity,Quibus RP-18,1426
Quibus,Rural,Productivity,Quibus RP-19,1427
Quibus,Rural,Productivity,Quibus RP-20,1428
Quibus,Rural,Productivity,Quibus RP-21,1429
Quibus,Rural,Productivity,Quibus RP-22,1430
Quibus,Rural,Productivity,Quibus RP-23,1431
Quibus,Rural,Productivity,Quibus RP-24,1432
Quibus,Rural,Productivity,Quibus RP-25,1433
Quibus,Rural,Productivity,Quibus RP-26,1434
Quibus,Rural,Productivity,Quibus RP-27,1435
Quibus,Rural,Productivity,Quibus RP-28,1436
Quibus,Rural,Productivity,Quibus RP-29,1437
Quibus,Rural,Productivity,Quibus RP-30,1438
Quibus,Rural,Productivity,Quibus RP-31,1439
Quibus,Rural,Productivity,Quibus RP-32,1440
Quibus,Rural,Productivity,Quibus RP-33,1441
Quibus,Rural,Productivity,Quibus RP-34,1442
Quibus,Rural,Productivity,Quibus RP-35,1443
Quibus,Rural,Productivity,Quibus RP-36,1444
Quibus,Rural,Productivity,Quibus RP-37,1445
Quibus,Rural,Productivity,Quibus RP-38,1446
Quibus,Rural,Productivity,Quibus RP-39,1447
Quibus,Rural,Productivity,Quibus RP-40,1448
Quibus,Rural,Productivity,Quibus RP-41,1449
Quibus,Rural,Productivity,Quibus RP-42,1450
Quibus,Rural,Productivity,Quibus RP-43,1451
Quibus,Rural,Productivity,Quibus RP-44,1452
Quibus,Rural,Productivity,Quibus RP-45,1453
Quibus,Rural,Productivity,Quibus RP-46,1454
Quibus,Rural,Productivity,Quibus RP-47,1455
Quibus,Rural,Productivity,Quibus RP-48,1456
Quibus,Rural,Productivity,Quibus RP-49,1457
Quibus,Rural,Productivity,Quibus RP-50,1458
Quibus,Rural,Productivity,Quibus RP-51,1459
Quibus,Rural,Productivity,Quibus RP-52,1460
Quibus,Rural,Productivity,Quibus RP-53,1461
Quibus,Rural,Productivity,Quibus RP-54,1462
Quibus,Rural,Productivity,Quibus RP-55,1463
Quibus,Rural,Productivity,Quibus RP-56,1464
Quibus,Rural,Productivity,Quibus RP-57,1465
Quibus,Rural,Productivity,Quibus RP-58,1466
Quibus,Rural,Productivity,Quibus RP-59,1467
Quibus,Rural,Productivity,Quibus RP-60,1468
Quibus,Rural,Productivity,Quibus RP-61,1469
Quibus,Rural,Productivity,Quibus RP-62,1470
Quibus,Rural,Productivity,Quibus RP-63,1471
Quibus,Rural,Productivity,Quibus RP-64,1472
Quibus,Rural,Productivity,Quibus RP-65,1473
Quibus,Rural,Productivity,Quibus RP-66,1474
Quibus,Rural,Productivity,Quibus RP-67,1475
Quibus,Rural,Productivity,Quibus RP-68,1476
Quibus,Rural,Productivity,Quibus RP-69,1477
Quibus,Rural,Productivity,Quibus RP-70,1478
Quibus,Rural,Productivity,Quibus RP-71,1479
Quibus,Rural,Productivity,Quibus RP-72,1480
Quibus,Rural,Productivity,Quibus RP-73,1481
Quibus,Rural,Productivity,Quibus RP-74,1482
Quibus,Rural,Productivity,Quibus RP-75,1483
Quibus,Rural,Productivity,Quibus RP-76,1484
Quibus,Rural,Productivity,Quibus RP-77,1485
Quibus,Rural,Productivity,Quibus RP-78,1486
Quibus,Rural,Productivity,Quibus RP-79,1487
Quibus,Rural,Productivity,Quibus RP-80,1488
Quibus,Rural,Productivity,Quibus RP-81,1489
Quibus,Rural,Productivity,Quibus RP-82,1490
Quibus,Rural,Productivity,Quibus RP-83,1491
Quibus,Rural,Productivity,Quibus RP-84,1492
Quibus,Rural,Productivity,Quibus RP-85,1493
Quibus,Rural,Productivity,Quibus RP-86,1494
Quibus,Rural,Productivity,Quibus RP-87,1495
Quibus,Rural,Productivity,Quibus RP-88,1496
Quibus,Rural,Productivity,Quibus RP-89,1497
Quibus,Rural,Productivity,Quibus RP-90,1498
Quibus,Rural,Productivity,Quibus RP-91,1499
Quibus,Rural,Productivity,Quibus RP-92,1500
Quibus,Rural,Productivity,Quibus RP-93,1501
Quibus,Rural,Productivity,Quibus RP-94,1502
Quibus,Rural,Productivity,Quibus RP-95,1503
Quibus,Rural,Productivity,Quibus RP-96,1504
Quibus,Rural,Productivity,Quibus RP-97,1505
Quibus,Rural,Productivity,Quibus RP-98,1506
Quibus,Rural,Productivity,Quibus RP-99,1507
Quibus,Rural,Productivity,Quibus RP-00,1508
Quibus,Rural,Productivity,Quibus RP-01,1509
Quibus,Rural,Productivity,Quibus RP-02,1510
Quibus,Rural,Productivity,Quibus RP-03,1511
Quibus,Rural,Productivity,Quibus RP-04,1512
Quibus,Rural,Productivity,Quibus RP-05,1513
Quibus,Rural,Productivity,Quibus RP-06,1514
Quibus,Rural,Productivity,Quibus RP-07,1515
Quibus,Rural,Productivity,Quibus RP-08,1516
Quibus,Rural,Productivity,Quibus RP-09,1517
Quibus,Rural,Productivity,Quibus RP-10,1518
Quibus,Rural,Productivity,Quibus RP-11,1519
Quibus,Rural,Productivity,Quibus RP-12,1520
Quibus,Rural,Productivity,Quibus RP-13,1521
Quibus,Rural,Productivity,Quibus RP-14,1522
Quibus,Rural,Productivity,Quibus RP-15,1523
Quibus,Rural,Productivity,Quibus RP-16,1524
Quibus,Rural,Productivity,Quibus RP-17,1525
Quibus,Rural,Productivity,Quibus RP-18,1526
Quibus,Rural,Productivity,Quibus RP-19,1527
Quibus,Rural,Productivity,Quibus RP-20,1528
Quibus,Rural,Productivity,Quibus RP-21,1529
Quibus,Rural,Productivity,Quibus RP-22,1530
Quibus,Rural,Productivity,Quibus RP-23,1531
Quibus,Rural,Productivity,Quibus RP-24,1532
Quibus,Rural,Productivity,Quibus RP-25,1533
Quibus,Rural,Productivity,Quibus RP-26,1534
Quibus,Rural,Productivity,Quibus RP-27,1535
Quibus,Rural,Productivity,Quibus RP-28,1536
Quibus,Rural,Productivity,Quibus RP-29,1537
Quibus,Rural,Productivity,Quibus RP-30,1538
Quibus,Rural,Productivity,Quibus RP-31,1539
Quibus,Rural,Productivity,Quibus RP-32,1540
Quibus,Rural,Productivity,Quibus RP-33,1541
Quibus,Rural,Productivity,Quibus RP-34,1542
Quibus,Rural,Productivity,Quibus RP-35,1543
Quibus,Rural,Productivity,Quibus RP-36,1544
Quibus,Rural,Productivity,Quibus RP-37,1545
Quibus,Rural,Productivity,Quibus RP-38,1546
Quibus,Rural,Productivity,Quibus RP-39,1547
Quibus,Rural,Productivity,Quibus RP-40,1548
Quibus,Rural,Productivity,Quibus RP-41,1549
Quibus,Rural,Productivity,Quibus RP-42,1550
Quibus,Rural,Productivity,Quibus RP-43,1551
Quibus,Rural,Productivity,Quibus RP-44,1552
Quibus,Rural,Productivity,Quibus RP-45,1553
Quibus,Rural,Productivity,Quibus RP-46,1554
Quibus,Rural,Productivity,Quibus RP-47,1555
Quibus,Rural,Productivity,Quibus RP-48,1556
Quibus,Rural,Productivity,Quibus RP-49,1557
Quibus,Rural,Productivity,Quibus RP-50,1558
Quibus,Rural,Productivity,Quibus RP-51,1559
Quibus,Rural,Productivity,Quibus RP-52,1560
Quibus,Rural,Productivity,Quibus RP-53,1561
Quibus,Rural,Productivity,Quibus RP-54,1562
Quibus,Mix,Productivity,Quibus MP-01,1233
Quibus,Mix,Productivity,Quibus MP-02,1234
Quibus,Mix,Productivity,Quibus MP-03,1235
Quibus,Mix,Productivity,Quibus MP-04,1236
Quibus,Mix,Productivity,Quibus MP-05,1237
Quibus,Mix,Productivity,Quibus MP-06,1238
Quibus,Mix,Productivity,Quibus MP-07,1239
Quibus,Mix,Productivity,Quibus MP-08,1240
Quibus,Mix,Productivity,Quibus MP-09,1241
Quibus,Mix,Productivity,Quibus MP-10,1242
Quibus,Mix,Productivity,Quibus MP-11,1243
Quibus,Mix,Productivity,Quibus MP-12,1244
Quibus,Mix,Productivity,Quibus MP-13,1245
Quibus,Mix,Productivity,Quibus MP-14,1246
Quibus,Mix,Productivity,Quibus MP-15,1247
Quibus,Mix,Productivity,Quibus MP-16,1248
Quibus,Mix,Productivity,Quibus MP-17,1249
Quibus,Mix,Productivity,Quibus MP-18,1250
Quibus,Mix,Productivity,Quibus MP-19,1251
Quibus,Mix,Productivity,Quibus MP-20,1252
Quibus,Mix,Productivity,Quibus MP-21,1253
Quibus,Mix,Productivity,Quibus MP-22,1254
Quibus,Mix,Productivity,Quibus MP-23,1255
Quibus,Mix,Productivity,Quibus MP-24,1256
Quibus,Mix,Productivity,Quibus MP-25,1257
Quibus,Mix,Productivity,Quibus MP-26,1258
Quibus,Mix,Productivity,Quibus MP-27,1259
Quibus,Mix,Productivity,Quibus MP-28,1260
Quibus,Mix,Productivity,Quibus MP-29,1261
Quibus,Mix,Productivity,Quibus MP-30,1262
Quibus,Mix,Productivity,Quibus MP-31,1263
Quibus,Mix,Productivity,Quibus MP-32,1264
